c1,c2,c1_wins,c2_wins,total_games
Banjo,Bayonetta,0,0,0
Banjo,Bowser,0,0,0
Banjo,Bowser_Jr,0,0,0
Banjo,Captain_Falcon,0,0,0
Banjo,Chrom,0,0,0
Banjo,Cloud,3,2,5
Banjo,Corrin,0,0,0
Banjo,Daisy,0,0,0
Banjo,Dark_Pit,0,0,0
Banjo,Dark_Samus,0,0,0
Banjo,Diddy_Kong,0,0,0
Banjo,Donkey_Kong,0,0,0
Banjo,Dr_Mario,0,0,0
Banjo,Duck_Hunt,0,0,0
Banjo,Falco,0,0,0
Banjo,Fox,0,0,0
Banjo,Ganondorf,0,0,0
Banjo,Greninja,2,0,2
Banjo,Hero,0,1,1
Banjo,Ice_Climbers,0,0,0
Banjo,Ike,0,0,0
Banjo,Incineroar,0,0,0
Banjo,Inkling,0,0,0
Banjo,Isabelle,0,0,0
Banjo,Jigglypuff,0,0,0
Banjo,Joker,0,4,4
Banjo,Ken,0,0,0
Banjo,King_Dedede,0,0,0
Banjo,King_K_Rool,0,0,0
Banjo,Kirby,0,0,0
Banjo,Link,0,0,0
Banjo,Little_Mac,0,0,0
Banjo,Lucario,0,0,0
Banjo,Lucas,0,0,0
Banjo,Lucina,0,0,0
Banjo,Luigi,0,0,0
Banjo,Mario,2,1,3
Banjo,Marth,0,0,0
Banjo,Mega_Man,0,0,0
Banjo,Meta_Knight,0,0,0
Banjo,Mewtwo,0,0,0
Banjo,Mii_Brawler,0,0,0
Banjo,Mii_Gunner,0,0,0
Banjo,Mii_Swordfighter,0,0,0
Banjo,Mr_Game_&_Watch,0,0,0
Banjo,Ness,0,0,0
Banjo,Olimar,0,0,0
Banjo,Pac-Man,0,0,0
Banjo,Palutena,0,2,2
Banjo,Peach,0,3,3
Banjo,Pichu,1,5,6
Banjo,Pikachu,1,3,4
Banjo,Piranha_Plant,0,0,0
Banjo,Pit,0,0,0
Banjo,Pokemon_Trainer,0,0,0
Banjo,ROB,4,3,7
Banjo,Richter,0,0,0
Banjo,Ridley,0,0,0
Banjo,Robin,0,0,0
Banjo,Rosalina,0,0,0
Banjo,Roy,0,0,0
Banjo,Ryu,0,0,0
Banjo,Samus,0,0,0
Banjo,Sheik,0,0,0
Banjo,Shulk,0,0,0
Banjo,Simon,0,0,0
Banjo,Snake,2,1,3
Banjo,Sonic,0,0,0
Banjo,Terry,0,0,0
Banjo,Toon_Link,0,0,0
Banjo,Villager,0,1,1
Banjo,Wario,0,0,0
Banjo,Wii_Fit_Trainer,0,0,0
Banjo,Wolf,0,0,0
Banjo,Yoshi,0,2,2
Banjo,Young_Link,0,0,0
Banjo,Zelda,0,0,0
Banjo,Zero_Suit_Samus,1,2,3
Bayonetta,Bowser,0,0,0
Bayonetta,Bowser_Jr,0,0,0
Bayonetta,Captain_Falcon,0,0,0
Bayonetta,Chrom,3,0,3
Bayonetta,Cloud,0,0,0
Bayonetta,Corrin,0,0,0
Bayonetta,Daisy,0,0,0
Bayonetta,Dark_Pit,0,0,0
Bayonetta,Dark_Samus,0,0,0
Bayonetta,Diddy_Kong,1,0,1
Bayonetta,Donkey_Kong,2,0,2
Bayonetta,Dr_Mario,0,0,0
Bayonetta,Duck_Hunt,0,0,0
Bayonetta,Falco,0,0,0
Bayonetta,Fox,4,7,11
Bayonetta,Ganondorf,0,0,0
Bayonetta,Greninja,0,0,0
Bayonetta,Hero,0,0,0
Bayonetta,Ice_Climbers,0,0,0
Bayonetta,Ike,0,3,3
Bayonetta,Incineroar,0,0,0
Bayonetta,Inkling,2,2,4
Bayonetta,Isabelle,0,0,0
Bayonetta,Jigglypuff,0,0,0
Bayonetta,Joker,0,0,0
Bayonetta,Ken,0,0,0
Bayonetta,King_Dedede,0,0,0
Bayonetta,King_K_Rool,0,0,0
Bayonetta,Kirby,0,0,0
Bayonetta,Link,0,0,0
Bayonetta,Little_Mac,0,0,0
Bayonetta,Lucario,0,0,0
Bayonetta,Lucas,2,0,2
Bayonetta,Lucina,0,3,3
Bayonetta,Luigi,0,0,0
Bayonetta,Mario,1,1,2
Bayonetta,Marth,1,0,1
Bayonetta,Mega_Man,1,2,3
Bayonetta,Meta_Knight,0,0,0
Bayonetta,Mewtwo,0,0,0
Bayonetta,Mii_Brawler,0,0,0
Bayonetta,Mii_Gunner,0,0,0
Bayonetta,Mii_Swordfighter,0,0,0
Bayonetta,Mr_Game_&_Watch,0,0,0
Bayonetta,Ness,0,0,0
Bayonetta,Olimar,0,3,3
Bayonetta,Pac-Man,4,8,12
Bayonetta,Palutena,2,3,5
Bayonetta,Peach,0,2,2
Bayonetta,Pichu,0,0,0
Bayonetta,Pikachu,0,0,0
Bayonetta,Piranha_Plant,0,0,0
Bayonetta,Pit,0,0,0
Bayonetta,Pokemon_Trainer,1,0,1
Bayonetta,ROB,9,6,15
Bayonetta,Richter,0,0,0
Bayonetta,Ridley,0,0,0
Bayonetta,Robin,0,0,0
Bayonetta,Rosalina,0,0,0
Bayonetta,Roy,0,0,0
Bayonetta,Ryu,0,0,0
Bayonetta,Samus,0,0,0
Bayonetta,Sheik,0,0,0
Bayonetta,Shulk,0,0,0
Bayonetta,Simon,0,0,0
Bayonetta,Snake,1,4,5
Bayonetta,Sonic,0,1,1
Bayonetta,Terry,0,0,0
Bayonetta,Toon_Link,0,0,0
Bayonetta,Villager,0,0,0
Bayonetta,Wario,0,2,2
Bayonetta,Wii_Fit_Trainer,0,0,0
Bayonetta,Wolf,0,0,0
Bayonetta,Yoshi,3,2,5
Bayonetta,Young_Link,0,0,0
Bayonetta,Zelda,0,0,0
Bayonetta,Zero_Suit_Samus,1,1,2
Bowser,Bowser_Jr,0,0,0
Bowser,Captain_Falcon,0,0,0
Bowser,Chrom,3,1,4
Bowser,Cloud,0,0,0
Bowser,Corrin,1,0,1
Bowser,Daisy,0,0,0
Bowser,Dark_Pit,0,0,0
Bowser,Dark_Samus,0,0,0
Bowser,Diddy_Kong,0,0,0
Bowser,Donkey_Kong,0,0,0
Bowser,Dr_Mario,0,0,0
Bowser,Duck_Hunt,0,0,0
Bowser,Falco,2,1,3
Bowser,Fox,1,0,1
Bowser,Ganondorf,0,0,0
Bowser,Greninja,3,2,5
Bowser,Hero,0,0,0
Bowser,Ice_Climbers,0,0,0
Bowser,Ike,2,0,2
Bowser,Incineroar,0,0,0
Bowser,Inkling,2,0,2
Bowser,Isabelle,0,0,0
Bowser,Jigglypuff,0,0,0
Bowser,Joker,0,0,0
Bowser,Ken,0,0,0
Bowser,King_Dedede,0,0,0
Bowser,King_K_Rool,0,0,0
Bowser,Kirby,0,0,0
Bowser,Link,0,2,2
Bowser,Little_Mac,0,0,0
Bowser,Lucario,1,3,4
Bowser,Lucas,3,0,3
Bowser,Lucina,0,3,3
Bowser,Luigi,0,0,0
Bowser,Mario,0,1,1
Bowser,Marth,0,0,0
Bowser,Mega_Man,3,1,4
Bowser,Meta_Knight,0,0,0
Bowser,Mewtwo,1,2,3
Bowser,Mii_Brawler,0,0,0
Bowser,Mii_Gunner,0,0,0
Bowser,Mii_Swordfighter,0,0,0
Bowser,Mr_Game_&_Watch,0,0,0
Bowser,Ness,0,0,0
Bowser,Olimar,0,1,1
Bowser,Pac-Man,3,2,5
Bowser,Palutena,1,6,7
Bowser,Peach,3,7,10
Bowser,Pichu,7,4,11
Bowser,Pikachu,0,2,2
Bowser,Piranha_Plant,0,0,0
Bowser,Pit,0,0,0
Bowser,Pokemon_Trainer,3,1,4
Bowser,ROB,2,0,2
Bowser,Richter,0,1,1
Bowser,Ridley,0,0,0
Bowser,Robin,0,2,2
Bowser,Rosalina,1,3,4
Bowser,Roy,0,0,0
Bowser,Ryu,1,2,3
Bowser,Samus,0,0,0
Bowser,Sheik,1,0,1
Bowser,Shulk,0,0,0
Bowser,Simon,0,0,0
Bowser,Snake,7,7,14
Bowser,Sonic,0,0,0
Bowser,Terry,0,0,0
Bowser,Toon_Link,0,2,2
Bowser,Villager,0,0,0
Bowser,Wario,0,0,0
Bowser,Wii_Fit_Trainer,0,0,0
Bowser,Wolf,0,0,0
Bowser,Yoshi,3,0,3
Bowser,Young_Link,0,0,0
Bowser,Zelda,0,0,0
Bowser,Zero_Suit_Samus,0,3,3
Bowser_Jr,Captain_Falcon,0,0,0
Bowser_Jr,Chrom,0,0,0
Bowser_Jr,Cloud,0,0,0
Bowser_Jr,Corrin,0,0,0
Bowser_Jr,Daisy,0,0,0
Bowser_Jr,Dark_Pit,0,0,0
Bowser_Jr,Dark_Samus,0,0,0
Bowser_Jr,Diddy_Kong,0,0,0
Bowser_Jr,Donkey_Kong,0,0,0
Bowser_Jr,Dr_Mario,0,0,0
Bowser_Jr,Duck_Hunt,0,0,0
Bowser_Jr,Falco,0,0,0
Bowser_Jr,Fox,0,0,0
Bowser_Jr,Ganondorf,0,0,0
Bowser_Jr,Greninja,0,0,0
Bowser_Jr,Hero,0,0,0
Bowser_Jr,Ice_Climbers,0,0,0
Bowser_Jr,Ike,0,0,0
Bowser_Jr,Incineroar,0,0,0
Bowser_Jr,Inkling,3,1,4
Bowser_Jr,Isabelle,0,0,0
Bowser_Jr,Jigglypuff,0,0,0
Bowser_Jr,Joker,1,1,2
Bowser_Jr,Ken,1,2,3
Bowser_Jr,King_Dedede,0,0,0
Bowser_Jr,King_K_Rool,0,0,0
Bowser_Jr,Kirby,0,0,0
Bowser_Jr,Link,0,0,0
Bowser_Jr,Little_Mac,0,0,0
Bowser_Jr,Lucario,0,0,0
Bowser_Jr,Lucas,3,2,5
Bowser_Jr,Lucina,0,0,0
Bowser_Jr,Luigi,0,0,0
Bowser_Jr,Mario,1,2,3
Bowser_Jr,Marth,0,0,0
Bowser_Jr,Mega_Man,2,1,3
Bowser_Jr,Meta_Knight,0,0,0
Bowser_Jr,Mewtwo,0,0,0
Bowser_Jr,Mii_Brawler,0,0,0
Bowser_Jr,Mii_Gunner,0,0,0
Bowser_Jr,Mii_Swordfighter,0,0,0
Bowser_Jr,Mr_Game_&_Watch,0,0,0
Bowser_Jr,Ness,0,0,0
Bowser_Jr,Olimar,0,0,0
Bowser_Jr,Pac-Man,0,0,0
Bowser_Jr,Palutena,0,6,6
Bowser_Jr,Peach,0,0,0
Bowser_Jr,Pichu,0,0,0
Bowser_Jr,Pikachu,3,0,3
Bowser_Jr,Piranha_Plant,0,0,0
Bowser_Jr,Pit,0,0,0
Bowser_Jr,Pokemon_Trainer,0,0,0
Bowser_Jr,ROB,0,0,0
Bowser_Jr,Richter,0,0,0
Bowser_Jr,Ridley,0,0,0
Bowser_Jr,Robin,0,0,0
Bowser_Jr,Rosalina,0,0,0
Bowser_Jr,Roy,2,1,3
Bowser_Jr,Ryu,0,0,0
Bowser_Jr,Samus,0,0,0
Bowser_Jr,Sheik,0,0,0
Bowser_Jr,Shulk,0,0,0
Bowser_Jr,Simon,0,0,0
Bowser_Jr,Snake,1,3,4
Bowser_Jr,Sonic,0,0,0
Bowser_Jr,Terry,0,0,0
Bowser_Jr,Toon_Link,0,0,0
Bowser_Jr,Villager,0,0,0
Bowser_Jr,Wario,0,0,0
Bowser_Jr,Wii_Fit_Trainer,0,0,0
Bowser_Jr,Wolf,0,0,0
Bowser_Jr,Yoshi,0,0,0
Bowser_Jr,Young_Link,0,0,0
Bowser_Jr,Zelda,0,0,0
Bowser_Jr,Zero_Suit_Samus,0,2,2
Captain_Falcon,Chrom,3,2,5
Captain_Falcon,Cloud,2,1,3
Captain_Falcon,Corrin,0,0,0
Captain_Falcon,Daisy,5,2,7
Captain_Falcon,Dark_Pit,0,0,0
Captain_Falcon,Dark_Samus,0,0,0
Captain_Falcon,Diddy_Kong,0,0,0
Captain_Falcon,Donkey_Kong,0,0,0
Captain_Falcon,Dr_Mario,0,0,0
Captain_Falcon,Duck_Hunt,0,0,0
Captain_Falcon,Falco,0,0,0
Captain_Falcon,Fox,3,3,6
Captain_Falcon,Ganondorf,0,0,0
Captain_Falcon,Greninja,2,0,2
Captain_Falcon,Hero,0,0,0
Captain_Falcon,Ice_Climbers,0,0,0
Captain_Falcon,Ike,2,0,2
Captain_Falcon,Incineroar,0,0,0
Captain_Falcon,Inkling,2,3,5
Captain_Falcon,Isabelle,0,0,0
Captain_Falcon,Jigglypuff,0,0,0
Captain_Falcon,Joker,1,5,6
Captain_Falcon,Ken,0,0,0
Captain_Falcon,King_Dedede,0,0,0
Captain_Falcon,King_K_Rool,0,0,0
Captain_Falcon,Kirby,0,0,0
Captain_Falcon,Link,6,2,8
Captain_Falcon,Little_Mac,0,0,0
Captain_Falcon,Lucario,0,0,0
Captain_Falcon,Lucas,0,2,2
Captain_Falcon,Lucina,0,1,1
Captain_Falcon,Luigi,0,0,0
Captain_Falcon,Mario,4,5,9
Captain_Falcon,Marth,2,1,3
Captain_Falcon,Mega_Man,4,5,9
Captain_Falcon,Meta_Knight,0,0,0
Captain_Falcon,Mewtwo,0,2,2
Captain_Falcon,Mii_Brawler,0,0,0
Captain_Falcon,Mii_Gunner,0,0,0
Captain_Falcon,Mii_Swordfighter,0,0,0
Captain_Falcon,Mr_Game_&_Watch,0,3,3
Captain_Falcon,Ness,3,0,3
Captain_Falcon,Olimar,1,3,4
Captain_Falcon,Pac-Man,3,0,3
Captain_Falcon,Palutena,2,7,9
Captain_Falcon,Peach,3,9,12
Captain_Falcon,Pichu,2,2,4
Captain_Falcon,Pikachu,0,2,2
Captain_Falcon,Piranha_Plant,0,0,0
Captain_Falcon,Pit,0,0,0
Captain_Falcon,Pokemon_Trainer,2,7,9
Captain_Falcon,ROB,2,1,3
Captain_Falcon,Richter,2,0,2
Captain_Falcon,Ridley,0,0,0
Captain_Falcon,Robin,0,0,0
Captain_Falcon,Rosalina,0,4,4
Captain_Falcon,Roy,3,3,6
Captain_Falcon,Ryu,0,0,0
Captain_Falcon,Samus,0,0,0
Captain_Falcon,Sheik,0,0,0
Captain_Falcon,Shulk,0,0,0
Captain_Falcon,Simon,0,0,0
Captain_Falcon,Snake,3,0,3
Captain_Falcon,Sonic,0,2,2
Captain_Falcon,Terry,0,0,0
Captain_Falcon,Toon_Link,0,2,2
Captain_Falcon,Villager,0,0,0
Captain_Falcon,Wario,5,0,5
Captain_Falcon,Wii_Fit_Trainer,0,0,0
Captain_Falcon,Wolf,0,0,0
Captain_Falcon,Yoshi,0,0,0
Captain_Falcon,Young_Link,3,2,5
Captain_Falcon,Zelda,2,1,3
Captain_Falcon,Zero_Suit_Samus,5,8,13
Chrom,Cloud,3,2,5
Chrom,Corrin,0,0,0
Chrom,Daisy,0,0,0
Chrom,Dark_Pit,0,0,0
Chrom,Dark_Samus,0,0,0
Chrom,Diddy_Kong,0,0,0
Chrom,Donkey_Kong,0,2,2
Chrom,Dr_Mario,0,0,0
Chrom,Duck_Hunt,2,0,2
Chrom,Falco,0,0,0
Chrom,Fox,7,9,16
Chrom,Ganondorf,0,0,0
Chrom,Greninja,2,5,7
Chrom,Hero,0,0,0
Chrom,Ice_Climbers,0,0,0
Chrom,Ike,5,0,5
Chrom,Incineroar,0,1,1
Chrom,Inkling,6,2,8
Chrom,Isabelle,0,0,0
Chrom,Jigglypuff,0,0,0
Chrom,Joker,3,6,9
Chrom,Ken,0,0,0
Chrom,King_Dedede,0,0,0
Chrom,King_K_Rool,0,0,0
Chrom,Kirby,0,0,0
Chrom,Link,8,2,10
Chrom,Little_Mac,0,0,0
Chrom,Lucario,2,0,2
Chrom,Lucas,0,0,0
Chrom,Lucina,1,2,3
Chrom,Luigi,0,0,0
Chrom,Mario,1,0,1
Chrom,Marth,0,0,0
Chrom,Mega_Man,0,1,1
Chrom,Meta_Knight,0,0,0
Chrom,Mewtwo,0,0,0
Chrom,Mii_Brawler,0,0,0
Chrom,Mii_Gunner,3,1,4
Chrom,Mii_Swordfighter,0,0,0
Chrom,Mr_Game_&_Watch,5,0,5
Chrom,Ness,3,2,5
Chrom,Olimar,8,2,10
Chrom,Pac-Man,2,3,5
Chrom,Palutena,12,13,25
Chrom,Peach,9,14,23
Chrom,Pichu,10,9,19
Chrom,Pikachu,0,0,0
Chrom,Piranha_Plant,1,0,1
Chrom,Pit,0,0,0
Chrom,Pokemon_Trainer,3,3,6
Chrom,ROB,3,2,5
Chrom,Richter,0,0,0
Chrom,Ridley,0,0,0
Chrom,Robin,0,0,0
Chrom,Rosalina,5,3,8
Chrom,Roy,0,0,0
Chrom,Ryu,0,0,0
Chrom,Samus,3,6,9
Chrom,Sheik,0,0,0
Chrom,Shulk,0,0,0
Chrom,Simon,0,0,0
Chrom,Snake,6,5,11
Chrom,Sonic,1,1,2
Chrom,Terry,0,0,0
Chrom,Toon_Link,0,0,0
Chrom,Villager,0,0,0
Chrom,Wario,11,13,24
Chrom,Wii_Fit_Trainer,0,0,0
Chrom,Wolf,4,4,8
Chrom,Yoshi,3,3,6
Chrom,Young_Link,1,1,2
Chrom,Zelda,0,0,0
Chrom,Zero_Suit_Samus,1,5,6
Cloud,Corrin,0,0,0
Cloud,Daisy,1,3,4
Cloud,Dark_Pit,0,0,0
Cloud,Dark_Samus,0,0,0
Cloud,Diddy_Kong,0,0,0
Cloud,Donkey_Kong,0,0,0
Cloud,Dr_Mario,0,0,0
Cloud,Duck_Hunt,0,0,0
Cloud,Falco,0,0,0
Cloud,Fox,1,4,5
Cloud,Ganondorf,0,0,0
Cloud,Greninja,0,0,0
Cloud,Hero,0,0,0
Cloud,Ice_Climbers,0,0,0
Cloud,Ike,0,0,0
Cloud,Incineroar,0,0,0
Cloud,Inkling,0,0,0
Cloud,Isabelle,0,0,0
Cloud,Jigglypuff,0,0,0
Cloud,Joker,2,1,3
Cloud,Ken,0,0,0
Cloud,King_Dedede,0,0,0
Cloud,King_K_Rool,0,0,0
Cloud,Kirby,0,0,0
Cloud,Link,0,0,0
Cloud,Little_Mac,0,0,0
Cloud,Lucario,0,0,0
Cloud,Lucas,0,0,0
Cloud,Lucina,0,0,0
Cloud,Luigi,1,2,3
Cloud,Mario,5,3,8
Cloud,Marth,0,0,0
Cloud,Mega_Man,0,0,0
Cloud,Meta_Knight,0,0,0
Cloud,Mewtwo,0,0,0
Cloud,Mii_Brawler,0,0,0
Cloud,Mii_Gunner,0,0,0
Cloud,Mii_Swordfighter,0,0,0
Cloud,Mr_Game_&_Watch,0,2,2
Cloud,Ness,0,0,0
Cloud,Olimar,0,0,0
Cloud,Pac-Man,0,0,0
Cloud,Palutena,0,0,0
Cloud,Peach,2,0,2
Cloud,Pichu,0,1,1
Cloud,Pikachu,0,0,0
Cloud,Piranha_Plant,0,0,0
Cloud,Pit,0,0,0
Cloud,Pokemon_Trainer,0,0,0
Cloud,ROB,1,2,3
Cloud,Richter,0,0,0
Cloud,Ridley,0,0,0
Cloud,Robin,0,0,0
Cloud,Rosalina,0,0,0
Cloud,Roy,0,0,0
Cloud,Ryu,0,0,0
Cloud,Samus,0,2,2
Cloud,Sheik,0,0,0
Cloud,Shulk,2,0,2
Cloud,Simon,0,0,0
Cloud,Snake,0,5,5
Cloud,Sonic,0,0,0
Cloud,Terry,0,0,0
Cloud,Toon_Link,1,2,3
Cloud,Villager,0,0,0
Cloud,Wario,0,3,3
Cloud,Wii_Fit_Trainer,0,0,0
Cloud,Wolf,2,3,5
Cloud,Yoshi,0,0,0
Cloud,Young_Link,0,0,0
Cloud,Zelda,0,0,0
Cloud,Zero_Suit_Samus,2,0,2
Corrin,Daisy,0,0,0
Corrin,Dark_Pit,0,0,0
Corrin,Dark_Samus,0,0,0
Corrin,Diddy_Kong,0,0,0
Corrin,Donkey_Kong,0,0,0
Corrin,Dr_Mario,0,0,0
Corrin,Duck_Hunt,0,0,0
Corrin,Falco,0,0,0
Corrin,Fox,0,0,0
Corrin,Ganondorf,0,0,0
Corrin,Greninja,0,0,0
Corrin,Hero,0,0,0
Corrin,Ice_Climbers,0,0,0
Corrin,Ike,0,0,0
Corrin,Incineroar,0,0,0
Corrin,Inkling,0,0,0
Corrin,Isabelle,0,0,0
Corrin,Jigglypuff,0,0,0
Corrin,Joker,0,0,0
Corrin,Ken,0,0,0
Corrin,King_Dedede,0,0,0
Corrin,King_K_Rool,0,0,0
Corrin,Kirby,0,0,0
Corrin,Link,0,0,0
Corrin,Little_Mac,0,0,0
Corrin,Lucario,0,0,0
Corrin,Lucas,0,0,0
Corrin,Lucina,0,0,0
Corrin,Luigi,0,0,0
Corrin,Mario,0,0,0
Corrin,Marth,0,0,0
Corrin,Mega_Man,0,0,0
Corrin,Meta_Knight,0,0,0
Corrin,Mewtwo,0,0,0
Corrin,Mii_Brawler,0,0,0
Corrin,Mii_Gunner,0,0,0
Corrin,Mii_Swordfighter,0,0,0
Corrin,Mr_Game_&_Watch,0,2,2
Corrin,Ness,0,0,0
Corrin,Olimar,0,0,0
Corrin,Pac-Man,0,0,0
Corrin,Palutena,0,0,0
Corrin,Peach,0,0,0
Corrin,Pichu,0,0,0
Corrin,Pikachu,0,0,0
Corrin,Piranha_Plant,0,0,0
Corrin,Pit,0,0,0
Corrin,Pokemon_Trainer,0,0,0
Corrin,ROB,0,0,0
Corrin,Richter,0,0,0
Corrin,Ridley,0,0,0
Corrin,Robin,0,0,0
Corrin,Rosalina,0,0,0
Corrin,Roy,0,0,0
Corrin,Ryu,0,0,0
Corrin,Samus,0,0,0
Corrin,Sheik,0,0,0
Corrin,Shulk,0,0,0
Corrin,Simon,0,0,0
Corrin,Snake,0,0,0
Corrin,Sonic,0,0,0
Corrin,Terry,0,0,0
Corrin,Toon_Link,0,0,0
Corrin,Villager,0,0,0
Corrin,Wario,0,0,0
Corrin,Wii_Fit_Trainer,0,0,0
Corrin,Wolf,0,0,0
Corrin,Yoshi,0,0,0
Corrin,Young_Link,0,0,0
Corrin,Zelda,0,0,0
Corrin,Zero_Suit_Samus,0,0,0
Daisy,Dark_Pit,0,0,0
Daisy,Dark_Samus,0,0,0
Daisy,Diddy_Kong,0,0,0
Daisy,Donkey_Kong,0,0,0
Daisy,Dr_Mario,0,0,0
Daisy,Duck_Hunt,0,0,0
Daisy,Falco,0,0,0
Daisy,Fox,3,5,8
Daisy,Ganondorf,0,0,0
Daisy,Greninja,2,3,5
Daisy,Hero,0,0,0
Daisy,Ice_Climbers,0,0,0
Daisy,Ike,0,0,0
Daisy,Incineroar,0,0,0
Daisy,Inkling,0,4,4
Daisy,Isabelle,0,0,0
Daisy,Jigglypuff,0,0,0
Daisy,Joker,2,6,8
Daisy,Ken,0,0,0
Daisy,King_Dedede,2,2,4
Daisy,King_K_Rool,0,0,0
Daisy,Kirby,0,0,0
Daisy,Link,0,0,0
Daisy,Little_Mac,0,0,0
Daisy,Lucario,0,0,0
Daisy,Lucas,0,0,0
Daisy,Lucina,4,4,8
Daisy,Luigi,0,0,0
Daisy,Mario,0,0,0
Daisy,Marth,0,0,0
Daisy,Mega_Man,1,2,3
Daisy,Meta_Knight,0,0,0
Daisy,Mewtwo,0,0,0
Daisy,Mii_Brawler,0,0,0
Daisy,Mii_Gunner,0,0,0
Daisy,Mii_Swordfighter,0,0,0
Daisy,Mr_Game_&_Watch,4,6,10
Daisy,Ness,0,0,0
Daisy,Olimar,2,7,9
Daisy,Pac-Man,2,0,2
Daisy,Palutena,0,2,2
Daisy,Peach,0,1,1
Daisy,Pichu,7,6,13
Daisy,Pikachu,4,0,4
Daisy,Piranha_Plant,0,0,0
Daisy,Pit,0,0,0
Daisy,Pokemon_Trainer,3,1,4
Daisy,ROB,0,0,0
Daisy,Richter,0,0,0
Daisy,Ridley,0,0,0
Daisy,Robin,0,0,0
Daisy,Rosalina,0,0,0
Daisy,Roy,2,3,5
Daisy,Ryu,2,1,3
Daisy,Samus,0,0,0
Daisy,Sheik,0,0,0
Daisy,Shulk,0,0,0
Daisy,Simon,0,0,0
Daisy,Snake,1,2,3
Daisy,Sonic,1,3,4
Daisy,Terry,0,0,0
Daisy,Toon_Link,1,2,3
Daisy,Villager,0,0,0
Daisy,Wario,0,2,2
Daisy,Wii_Fit_Trainer,0,0,0
Daisy,Wolf,4,1,5
Daisy,Yoshi,2,1,3
Daisy,Young_Link,0,0,0
Daisy,Zelda,0,0,0
Daisy,Zero_Suit_Samus,5,3,8
Dark_Pit,Dark_Samus,0,0,0
Dark_Pit,Diddy_Kong,0,0,0
Dark_Pit,Donkey_Kong,0,0,0
Dark_Pit,Dr_Mario,0,0,0
Dark_Pit,Duck_Hunt,0,0,0
Dark_Pit,Falco,0,0,0
Dark_Pit,Fox,0,0,0
Dark_Pit,Ganondorf,0,0,0
Dark_Pit,Greninja,0,0,0
Dark_Pit,Hero,0,0,0
Dark_Pit,Ice_Climbers,0,0,0
Dark_Pit,Ike,0,0,0
Dark_Pit,Incineroar,0,0,0
Dark_Pit,Inkling,0,0,0
Dark_Pit,Isabelle,0,0,0
Dark_Pit,Jigglypuff,0,0,0
Dark_Pit,Joker,0,0,0
Dark_Pit,Ken,0,0,0
Dark_Pit,King_Dedede,0,0,0
Dark_Pit,King_K_Rool,0,0,0
Dark_Pit,Kirby,0,0,0
Dark_Pit,Link,2,0,2
Dark_Pit,Little_Mac,0,0,0
Dark_Pit,Lucario,0,2,2
Dark_Pit,Lucas,0,0,0
Dark_Pit,Lucina,0,0,0
Dark_Pit,Luigi,0,0,0
Dark_Pit,Mario,0,0,0
Dark_Pit,Marth,0,0,0
Dark_Pit,Mega_Man,0,0,0
Dark_Pit,Meta_Knight,0,0,0
Dark_Pit,Mewtwo,0,0,0
Dark_Pit,Mii_Brawler,0,0,0
Dark_Pit,Mii_Gunner,0,0,0
Dark_Pit,Mii_Swordfighter,0,0,0
Dark_Pit,Mr_Game_&_Watch,0,0,0
Dark_Pit,Ness,0,0,0
Dark_Pit,Olimar,0,0,0
Dark_Pit,Pac-Man,0,0,0
Dark_Pit,Palutena,1,3,4
Dark_Pit,Peach,0,0,0
Dark_Pit,Pichu,0,0,0
Dark_Pit,Pikachu,0,0,0
Dark_Pit,Piranha_Plant,0,0,0
Dark_Pit,Pit,0,0,0
Dark_Pit,Pokemon_Trainer,0,0,0
Dark_Pit,ROB,0,0,0
Dark_Pit,Richter,0,0,0
Dark_Pit,Ridley,0,0,0
Dark_Pit,Robin,0,0,0
Dark_Pit,Rosalina,0,0,0
Dark_Pit,Roy,0,0,0
Dark_Pit,Ryu,0,0,0
Dark_Pit,Samus,0,0,0
Dark_Pit,Sheik,0,0,0
Dark_Pit,Shulk,0,0,0
Dark_Pit,Simon,0,0,0
Dark_Pit,Snake,3,2,5
Dark_Pit,Sonic,0,0,0
Dark_Pit,Terry,0,0,0
Dark_Pit,Toon_Link,0,0,0
Dark_Pit,Villager,0,0,0
Dark_Pit,Wario,3,0,3
Dark_Pit,Wii_Fit_Trainer,0,0,0
Dark_Pit,Wolf,0,0,0
Dark_Pit,Yoshi,0,0,0
Dark_Pit,Young_Link,0,0,0
Dark_Pit,Zelda,0,0,0
Dark_Pit,Zero_Suit_Samus,0,1,1
Dark_Samus,Diddy_Kong,1,0,1
Dark_Samus,Donkey_Kong,0,0,0
Dark_Samus,Dr_Mario,0,0,0
Dark_Samus,Duck_Hunt,0,0,0
Dark_Samus,Falco,1,2,3
Dark_Samus,Fox,0,1,1
Dark_Samus,Ganondorf,0,0,0
Dark_Samus,Greninja,3,1,4
Dark_Samus,Hero,0,0,0
Dark_Samus,Ice_Climbers,0,0,0
Dark_Samus,Ike,0,0,0
Dark_Samus,Incineroar,0,0,0
Dark_Samus,Inkling,2,3,5
Dark_Samus,Isabelle,0,0,0
Dark_Samus,Jigglypuff,0,0,0
Dark_Samus,Joker,0,0,0
Dark_Samus,Ken,0,0,0
Dark_Samus,King_Dedede,0,0,0
Dark_Samus,King_K_Rool,0,0,0
Dark_Samus,Kirby,0,0,0
Dark_Samus,Link,2,3,5
Dark_Samus,Little_Mac,0,0,0
Dark_Samus,Lucario,0,0,0
Dark_Samus,Lucas,0,0,0
Dark_Samus,Lucina,0,0,0
Dark_Samus,Luigi,0,0,0
Dark_Samus,Mario,0,0,0
Dark_Samus,Marth,0,0,0
Dark_Samus,Mega_Man,0,0,0
Dark_Samus,Meta_Knight,0,0,0
Dark_Samus,Mewtwo,0,0,0
Dark_Samus,Mii_Brawler,0,0,0
Dark_Samus,Mii_Gunner,0,0,0
Dark_Samus,Mii_Swordfighter,0,0,0
Dark_Samus,Mr_Game_&_Watch,0,0,0
Dark_Samus,Ness,0,0,0
Dark_Samus,Olimar,0,0,0
Dark_Samus,Pac-Man,0,0,0
Dark_Samus,Palutena,0,0,0
Dark_Samus,Peach,0,1,1
Dark_Samus,Pichu,3,0,3
Dark_Samus,Pikachu,0,0,0
Dark_Samus,Piranha_Plant,0,0,0
Dark_Samus,Pit,0,0,0
Dark_Samus,Pokemon_Trainer,0,0,0
Dark_Samus,ROB,3,4,7
Dark_Samus,Richter,0,0,0
Dark_Samus,Ridley,0,0,0
Dark_Samus,Robin,0,0,0
Dark_Samus,Rosalina,0,0,0
Dark_Samus,Roy,1,3,4
Dark_Samus,Ryu,0,0,0
Dark_Samus,Samus,0,0,0
Dark_Samus,Sheik,0,0,0
Dark_Samus,Shulk,0,0,0
Dark_Samus,Simon,0,0,0
Dark_Samus,Snake,0,0,0
Dark_Samus,Sonic,0,0,0
Dark_Samus,Terry,0,0,0
Dark_Samus,Toon_Link,0,0,0
Dark_Samus,Villager,0,0,0
Dark_Samus,Wario,0,0,0
Dark_Samus,Wii_Fit_Trainer,0,0,0
Dark_Samus,Wolf,0,3,3
Dark_Samus,Yoshi,0,0,0
Dark_Samus,Young_Link,0,0,0
Dark_Samus,Zelda,0,0,0
Dark_Samus,Zero_Suit_Samus,0,0,0
Diddy_Kong,Donkey_Kong,0,0,0
Diddy_Kong,Dr_Mario,0,0,0
Diddy_Kong,Duck_Hunt,0,0,0
Diddy_Kong,Falco,0,0,0
Diddy_Kong,Fox,0,0,0
Diddy_Kong,Ganondorf,0,0,0
Diddy_Kong,Greninja,3,1,4
Diddy_Kong,Hero,0,0,0
Diddy_Kong,Ice_Climbers,0,0,0
Diddy_Kong,Ike,0,0,0
Diddy_Kong,Incineroar,0,0,0
Diddy_Kong,Inkling,0,0,0
Diddy_Kong,Isabelle,0,0,0
Diddy_Kong,Jigglypuff,0,0,0
Diddy_Kong,Joker,0,0,0
Diddy_Kong,Ken,0,0,0
Diddy_Kong,King_Dedede,0,0,0
Diddy_Kong,King_K_Rool,0,0,0
Diddy_Kong,Kirby,0,0,0
Diddy_Kong,Link,0,0,0
Diddy_Kong,Little_Mac,0,0,0
Diddy_Kong,Lucario,0,0,0
Diddy_Kong,Lucas,0,0,0
Diddy_Kong,Lucina,0,0,0
Diddy_Kong,Luigi,0,0,0
Diddy_Kong,Mario,0,0,0
Diddy_Kong,Marth,0,0,0
Diddy_Kong,Mega_Man,0,0,0
Diddy_Kong,Meta_Knight,0,0,0
Diddy_Kong,Mewtwo,0,0,0
Diddy_Kong,Mii_Brawler,0,0,0
Diddy_Kong,Mii_Gunner,0,0,0
Diddy_Kong,Mii_Swordfighter,0,0,0
Diddy_Kong,Mr_Game_&_Watch,0,3,3
Diddy_Kong,Ness,2,1,3
Diddy_Kong,Olimar,0,3,3
Diddy_Kong,Pac-Man,0,0,0
Diddy_Kong,Palutena,0,3,3
Diddy_Kong,Peach,0,2,2
Diddy_Kong,Pichu,0,0,0
Diddy_Kong,Pikachu,3,2,5
Diddy_Kong,Piranha_Plant,0,0,0
Diddy_Kong,Pit,0,0,0
Diddy_Kong,Pokemon_Trainer,1,5,6
Diddy_Kong,ROB,0,0,0
Diddy_Kong,Richter,0,0,0
Diddy_Kong,Ridley,0,0,0
Diddy_Kong,Robin,0,0,0
Diddy_Kong,Rosalina,0,0,0
Diddy_Kong,Roy,0,0,0
Diddy_Kong,Ryu,0,0,0
Diddy_Kong,Samus,2,2,4
Diddy_Kong,Sheik,0,0,0
Diddy_Kong,Shulk,0,0,0
Diddy_Kong,Simon,0,0,0
Diddy_Kong,Snake,0,0,0
Diddy_Kong,Sonic,0,0,0
Diddy_Kong,Terry,0,0,0
Diddy_Kong,Toon_Link,0,0,0
Diddy_Kong,Villager,0,0,0
Diddy_Kong,Wario,1,3,4
Diddy_Kong,Wii_Fit_Trainer,0,0,0
Diddy_Kong,Wolf,0,0,0
Diddy_Kong,Yoshi,0,0,0
Diddy_Kong,Young_Link,0,0,0
Diddy_Kong,Zelda,0,0,0
Diddy_Kong,Zero_Suit_Samus,0,0,0
Donkey_Kong,Dr_Mario,0,0,0
Donkey_Kong,Duck_Hunt,0,0,0
Donkey_Kong,Falco,0,0,0
Donkey_Kong,Fox,2,2,4
Donkey_Kong,Ganondorf,0,0,0
Donkey_Kong,Greninja,2,3,5
Donkey_Kong,Hero,0,0,0
Donkey_Kong,Ice_Climbers,0,0,0
Donkey_Kong,Ike,0,1,1
Donkey_Kong,Incineroar,0,0,0
Donkey_Kong,Inkling,0,0,0
Donkey_Kong,Isabelle,0,0,0
Donkey_Kong,Jigglypuff,0,0,0
Donkey_Kong,Joker,0,0,0
Donkey_Kong,Ken,0,0,0
Donkey_Kong,King_Dedede,0,1,1
Donkey_Kong,King_K_Rool,0,0,0
Donkey_Kong,Kirby,0,0,0
Donkey_Kong,Link,0,0,0
Donkey_Kong,Little_Mac,0,0,0
Donkey_Kong,Lucario,0,0,0
Donkey_Kong,Lucas,0,0,0
Donkey_Kong,Lucina,0,0,0
Donkey_Kong,Luigi,0,0,0
Donkey_Kong,Mario,0,0,0
Donkey_Kong,Marth,0,2,2
Donkey_Kong,Mega_Man,0,0,0
Donkey_Kong,Meta_Knight,0,0,0
Donkey_Kong,Mewtwo,0,0,0
Donkey_Kong,Mii_Brawler,0,0,0
Donkey_Kong,Mii_Gunner,0,0,0
Donkey_Kong,Mii_Swordfighter,0,0,0
Donkey_Kong,Mr_Game_&_Watch,0,3,3
Donkey_Kong,Ness,2,0,2
Donkey_Kong,Olimar,3,8,11
Donkey_Kong,Pac-Man,0,0,0
Donkey_Kong,Palutena,2,4,6
Donkey_Kong,Peach,0,1,1
Donkey_Kong,Pichu,1,3,4
Donkey_Kong,Pikachu,1,2,3
Donkey_Kong,Piranha_Plant,0,0,0
Donkey_Kong,Pit,0,0,0
Donkey_Kong,Pokemon_Trainer,0,0,0
Donkey_Kong,ROB,0,1,1
Donkey_Kong,Richter,0,0,0
Donkey_Kong,Ridley,0,0,0
Donkey_Kong,Robin,0,0,0
Donkey_Kong,Rosalina,0,0,0
Donkey_Kong,Roy,0,0,0
Donkey_Kong,Ryu,0,0,0
Donkey_Kong,Samus,0,0,0
Donkey_Kong,Sheik,0,0,0
Donkey_Kong,Shulk,0,0,0
Donkey_Kong,Simon,0,0,0
Donkey_Kong,Snake,0,0,0
Donkey_Kong,Sonic,1,2,3
Donkey_Kong,Terry,0,0,0
Donkey_Kong,Toon_Link,0,0,0
Donkey_Kong,Villager,0,0,0
Donkey_Kong,Wario,0,2,2
Donkey_Kong,Wii_Fit_Trainer,0,0,0
Donkey_Kong,Wolf,3,0,3
Donkey_Kong,Yoshi,0,0,0
Donkey_Kong,Young_Link,0,0,0
Donkey_Kong,Zelda,0,0,0
Donkey_Kong,Zero_Suit_Samus,0,2,2
Dr_Mario,Duck_Hunt,0,0,0
Dr_Mario,Falco,0,0,0
Dr_Mario,Fox,0,1,1
Dr_Mario,Ganondorf,0,0,0
Dr_Mario,Greninja,0,0,0
Dr_Mario,Hero,0,0,0
Dr_Mario,Ice_Climbers,0,0,0
Dr_Mario,Ike,0,0,0
Dr_Mario,Incineroar,0,0,0
Dr_Mario,Inkling,0,0,0
Dr_Mario,Isabelle,0,0,0
Dr_Mario,Jigglypuff,0,0,0
Dr_Mario,Joker,0,0,0
Dr_Mario,Ken,0,0,0
Dr_Mario,King_Dedede,0,2,2
Dr_Mario,King_K_Rool,0,0,0
Dr_Mario,Kirby,0,0,0
Dr_Mario,Link,0,0,0
Dr_Mario,Little_Mac,0,0,0
Dr_Mario,Lucario,0,0,0
Dr_Mario,Lucas,0,0,0
Dr_Mario,Lucina,0,0,0
Dr_Mario,Luigi,0,1,1
Dr_Mario,Mario,0,0,0
Dr_Mario,Marth,0,0,0
Dr_Mario,Mega_Man,0,0,0
Dr_Mario,Meta_Knight,0,0,0
Dr_Mario,Mewtwo,0,0,0
Dr_Mario,Mii_Brawler,0,0,0
Dr_Mario,Mii_Gunner,0,0,0
Dr_Mario,Mii_Swordfighter,0,0,0
Dr_Mario,Mr_Game_&_Watch,0,0,0
Dr_Mario,Ness,0,0,0
Dr_Mario,Olimar,0,1,1
Dr_Mario,Pac-Man,0,0,0
Dr_Mario,Palutena,0,1,1
Dr_Mario,Peach,0,2,2
Dr_Mario,Pichu,0,0,0
Dr_Mario,Pikachu,0,0,0
Dr_Mario,Piranha_Plant,1,1,2
Dr_Mario,Pit,0,0,0
Dr_Mario,Pokemon_Trainer,0,1,1
Dr_Mario,ROB,0,0,0
Dr_Mario,Richter,0,0,0
Dr_Mario,Ridley,0,0,0
Dr_Mario,Robin,0,0,0
Dr_Mario,Rosalina,1,0,1
Dr_Mario,Roy,0,0,0
Dr_Mario,Ryu,0,0,0
Dr_Mario,Samus,0,1,1
Dr_Mario,Sheik,0,0,0
Dr_Mario,Shulk,0,0,0
Dr_Mario,Simon,0,0,0
Dr_Mario,Snake,0,0,0
Dr_Mario,Sonic,0,0,0
Dr_Mario,Terry,0,0,0
Dr_Mario,Toon_Link,0,0,0
Dr_Mario,Villager,0,0,0
Dr_Mario,Wario,0,0,0
Dr_Mario,Wii_Fit_Trainer,0,0,0
Dr_Mario,Wolf,0,0,0
Dr_Mario,Yoshi,0,0,0
Dr_Mario,Young_Link,1,1,2
Dr_Mario,Zelda,0,0,0
Dr_Mario,Zero_Suit_Samus,0,0,0
Duck_Hunt,Falco,0,0,0
Duck_Hunt,Fox,0,0,0
Duck_Hunt,Ganondorf,0,0,0
Duck_Hunt,Greninja,0,2,2
Duck_Hunt,Hero,0,2,2
Duck_Hunt,Ice_Climbers,3,0,3
Duck_Hunt,Ike,2,0,2
Duck_Hunt,Incineroar,0,0,0
Duck_Hunt,Inkling,5,6,11
Duck_Hunt,Isabelle,0,0,0
Duck_Hunt,Jigglypuff,0,0,0
Duck_Hunt,Joker,0,2,2
Duck_Hunt,Ken,0,0,0
Duck_Hunt,King_Dedede,0,0,0
Duck_Hunt,King_K_Rool,0,0,0
Duck_Hunt,Kirby,0,0,0
Duck_Hunt,Link,0,0,0
Duck_Hunt,Little_Mac,0,0,0
Duck_Hunt,Lucario,0,0,0
Duck_Hunt,Lucas,0,0,0
Duck_Hunt,Lucina,2,5,7
Duck_Hunt,Luigi,0,0,0
Duck_Hunt,Mario,3,1,4
Duck_Hunt,Marth,0,0,0
Duck_Hunt,Mega_Man,0,3,3
Duck_Hunt,Meta_Knight,0,0,0
Duck_Hunt,Mewtwo,0,0,0
Duck_Hunt,Mii_Brawler,0,0,0
Duck_Hunt,Mii_Gunner,0,0,0
Duck_Hunt,Mii_Swordfighter,0,0,0
Duck_Hunt,Mr_Game_&_Watch,3,3,6
Duck_Hunt,Ness,3,3,6
Duck_Hunt,Olimar,4,4,8
Duck_Hunt,Pac-Man,0,0,0
Duck_Hunt,Palutena,2,3,5
Duck_Hunt,Peach,0,0,0
Duck_Hunt,Pichu,0,0,0
Duck_Hunt,Pikachu,0,0,0
Duck_Hunt,Piranha_Plant,2,0,2
Duck_Hunt,Pit,3,1,4
Duck_Hunt,Pokemon_Trainer,5,1,6
Duck_Hunt,ROB,0,0,0
Duck_Hunt,Richter,0,0,0
Duck_Hunt,Ridley,0,0,0
Duck_Hunt,Robin,0,0,0
Duck_Hunt,Rosalina,3,2,5
Duck_Hunt,Roy,0,0,0
Duck_Hunt,Ryu,0,0,0
Duck_Hunt,Samus,0,0,0
Duck_Hunt,Sheik,0,0,0
Duck_Hunt,Shulk,3,0,3
Duck_Hunt,Simon,0,0,0
Duck_Hunt,Snake,1,2,3
Duck_Hunt,Sonic,1,2,3
Duck_Hunt,Terry,0,0,0
Duck_Hunt,Toon_Link,4,1,5
Duck_Hunt,Villager,0,0,0
Duck_Hunt,Wario,3,8,11
Duck_Hunt,Wii_Fit_Trainer,0,2,2
Duck_Hunt,Wolf,0,0,0
Duck_Hunt,Yoshi,0,0,0
Duck_Hunt,Young_Link,0,0,0
Duck_Hunt,Zelda,0,0,0
Duck_Hunt,Zero_Suit_Samus,2,4,6
Falco,Fox,3,3,6
Falco,Ganondorf,0,0,0
Falco,Greninja,0,0,0
Falco,Hero,0,0,0
Falco,Ice_Climbers,0,0,0
Falco,Ike,0,0,0
Falco,Incineroar,1,0,1
Falco,Inkling,0,0,0
Falco,Isabelle,0,0,0
Falco,Jigglypuff,0,0,0
Falco,Joker,0,2,2
Falco,Ken,0,0,0
Falco,King_Dedede,0,0,0
Falco,King_K_Rool,0,0,0
Falco,Kirby,0,0,0
Falco,Link,0,0,0
Falco,Little_Mac,0,2,2
Falco,Lucario,0,0,0
Falco,Lucas,0,0,0
Falco,Lucina,0,0,0
Falco,Luigi,0,0,0
Falco,Mario,0,0,0
Falco,Marth,0,0,0
Falco,Mega_Man,2,5,7
Falco,Meta_Knight,0,0,0
Falco,Mewtwo,0,0,0
Falco,Mii_Brawler,0,0,0
Falco,Mii_Gunner,0,0,0
Falco,Mii_Swordfighter,0,0,0
Falco,Mr_Game_&_Watch,0,0,0
Falco,Ness,3,3,6
Falco,Olimar,0,2,2
Falco,Pac-Man,0,0,0
Falco,Palutena,0,1,1
Falco,Peach,1,2,3
Falco,Pichu,0,1,1
Falco,Pikachu,0,0,0
Falco,Piranha_Plant,1,2,3
Falco,Pit,0,0,0
Falco,Pokemon_Trainer,0,0,0
Falco,ROB,0,2,2
Falco,Richter,0,0,0
Falco,Ridley,0,0,0
Falco,Robin,0,0,0
Falco,Rosalina,0,0,0
Falco,Roy,0,0,0
Falco,Ryu,0,0,0
Falco,Samus,0,0,0
Falco,Sheik,0,0,0
Falco,Shulk,1,1,2
Falco,Simon,0,0,0
Falco,Snake,0,0,0
Falco,Sonic,0,0,0
Falco,Terry,0,0,0
Falco,Toon_Link,0,0,0
Falco,Villager,0,0,0
Falco,Wario,0,3,3
Falco,Wii_Fit_Trainer,3,2,5
Falco,Wolf,2,5,7
Falco,Yoshi,1,1,2
Falco,Young_Link,0,0,0
Falco,Zelda,0,0,0
Falco,Zero_Suit_Samus,0,0,0
Fox,Ganondorf,2,0,2
Fox,Greninja,4,5,9
Fox,Hero,0,0,0
Fox,Ice_Climbers,2,0,2
Fox,Ike,2,2,4
Fox,Incineroar,3,1,4
Fox,Inkling,12,8,20
Fox,Isabelle,0,0,0
Fox,Jigglypuff,0,0,0
Fox,Joker,6,6,12
Fox,Ken,2,0,2
Fox,King_Dedede,2,1,3
Fox,King_K_Rool,0,0,0
Fox,Kirby,0,0,0
Fox,Link,6,2,8
Fox,Little_Mac,0,0,0
Fox,Lucario,1,2,3
Fox,Lucas,3,0,3
Fox,Lucina,13,17,30
Fox,Luigi,0,2,2
Fox,Mario,13,20,33
Fox,Marth,0,3,3
Fox,Mega_Man,2,2,4
Fox,Meta_Knight,0,0,0
Fox,Mewtwo,3,1,4
Fox,Mii_Brawler,0,0,0
Fox,Mii_Gunner,0,0,0
Fox,Mii_Swordfighter,0,0,0
Fox,Mr_Game_&_Watch,1,4,5
Fox,Ness,2,0,2
Fox,Olimar,14,28,42
Fox,Pac-Man,11,7,18
Fox,Palutena,15,17,32
Fox,Peach,16,21,37
Fox,Pichu,8,10,18
Fox,Pikachu,12,12,24
Fox,Piranha_Plant,2,1,3
Fox,Pit,2,0,2
Fox,Pokemon_Trainer,8,3,11
Fox,ROB,12,8,20
Fox,Richter,0,0,0
Fox,Ridley,4,2,6
Fox,Robin,0,0,0
Fox,Rosalina,2,4,6
Fox,Roy,6,2,8
Fox,Ryu,0,0,0
Fox,Samus,1,0,1
Fox,Sheik,0,0,0
Fox,Shulk,0,4,4
Fox,Simon,0,0,0
Fox,Snake,10,8,18
Fox,Sonic,3,2,5
Fox,Terry,0,0,0
Fox,Toon_Link,2,1,3
Fox,Villager,0,0,0
Fox,Wario,10,22,32
Fox,Wii_Fit_Trainer,0,0,0
Fox,Wolf,18,17,35
Fox,Yoshi,2,5,7
Fox,Young_Link,0,0,0
Fox,Zelda,0,3,3
Fox,Zero_Suit_Samus,21,20,41
Ganondorf,Greninja,0,0,0
Ganondorf,Hero,0,0,0
Ganondorf,Ice_Climbers,0,0,0
Ganondorf,Ike,0,0,0
Ganondorf,Incineroar,0,0,0
Ganondorf,Inkling,0,2,2
Ganondorf,Isabelle,0,0,0
Ganondorf,Jigglypuff,0,0,0
Ganondorf,Joker,0,0,0
Ganondorf,Ken,0,0,0
Ganondorf,King_Dedede,0,0,0
Ganondorf,King_K_Rool,0,0,0
Ganondorf,Kirby,0,0,0
Ganondorf,Link,0,0,0
Ganondorf,Little_Mac,0,0,0
Ganondorf,Lucario,0,0,0
Ganondorf,Lucas,0,0,0
Ganondorf,Lucina,0,0,0
Ganondorf,Luigi,0,0,0
Ganondorf,Mario,0,0,0
Ganondorf,Marth,0,0,0
Ganondorf,Mega_Man,0,0,0
Ganondorf,Meta_Knight,0,0,0
Ganondorf,Mewtwo,0,0,0
Ganondorf,Mii_Brawler,0,0,0
Ganondorf,Mii_Gunner,0,0,0
Ganondorf,Mii_Swordfighter,0,0,0
Ganondorf,Mr_Game_&_Watch,0,0,0
Ganondorf,Ness,0,0,0
Ganondorf,Olimar,0,0,0
Ganondorf,Pac-Man,0,0,0
Ganondorf,Palutena,0,0,0
Ganondorf,Peach,0,2,2
Ganondorf,Pichu,0,1,1
Ganondorf,Pikachu,0,0,0
Ganondorf,Piranha_Plant,0,0,0
Ganondorf,Pit,0,0,0
Ganondorf,Pokemon_Trainer,0,0,0
Ganondorf,ROB,0,0,0
Ganondorf,Richter,0,0,0
Ganondorf,Ridley,1,0,1
Ganondorf,Robin,0,0,0
Ganondorf,Rosalina,0,0,0
Ganondorf,Roy,0,0,0
Ganondorf,Ryu,0,0,0
Ganondorf,Samus,0,0,0
Ganondorf,Sheik,0,0,0
Ganondorf,Shulk,0,0,0
Ganondorf,Simon,0,0,0
Ganondorf,Snake,0,0,0
Ganondorf,Sonic,0,0,0
Ganondorf,Terry,0,0,0
Ganondorf,Toon_Link,0,0,0
Ganondorf,Villager,0,0,0
Ganondorf,Wario,0,0,0
Ganondorf,Wii_Fit_Trainer,0,0,0
Ganondorf,Wolf,0,0,0
Ganondorf,Yoshi,2,0,2
Ganondorf,Young_Link,0,0,0
Ganondorf,Zelda,0,0,0
Ganondorf,Zero_Suit_Samus,0,0,0
Greninja,Hero,0,0,0
Greninja,Ice_Climbers,0,0,0
Greninja,Ike,4,0,4
Greninja,Incineroar,2,2,4
Greninja,Inkling,2,3,5
Greninja,Isabelle,1,0,1
Greninja,Jigglypuff,2,0,2
Greninja,Joker,7,9,16
Greninja,Ken,2,0,2
Greninja,King_Dedede,2,2,4
Greninja,King_K_Rool,3,0,3
Greninja,Kirby,0,0,0
Greninja,Link,0,2,2
Greninja,Little_Mac,0,0,0
Greninja,Lucario,3,0,3
Greninja,Lucas,0,0,0
Greninja,Lucina,5,4,9
Greninja,Luigi,0,2,2
Greninja,Mario,0,0,0
Greninja,Marth,1,0,1
Greninja,Mega_Man,5,7,12
Greninja,Meta_Knight,3,0,3
Greninja,Mewtwo,0,0,0
Greninja,Mii_Brawler,0,0,0
Greninja,Mii_Gunner,0,0,0
Greninja,Mii_Swordfighter,0,0,0
Greninja,Mr_Game_&_Watch,0,0,0
Greninja,Ness,3,2,5
Greninja,Olimar,2,9,11
Greninja,Pac-Man,1,2,3
Greninja,Palutena,5,4,9
Greninja,Peach,3,3,6
Greninja,Pichu,9,6,15
Greninja,Pikachu,9,9,18
Greninja,Piranha_Plant,0,0,0
Greninja,Pit,0,0,0
Greninja,Pokemon_Trainer,3,5,8
Greninja,ROB,2,3,5
Greninja,Richter,2,0,2
Greninja,Ridley,0,0,0
Greninja,Robin,0,0,0
Greninja,Rosalina,4,5,9
Greninja,Roy,5,2,7
Greninja,Ryu,0,0,0
Greninja,Samus,0,1,1
Greninja,Sheik,0,0,0
Greninja,Shulk,1,3,4
Greninja,Simon,0,0,0
Greninja,Snake,7,20,27
Greninja,Sonic,1,4,5
Greninja,Terry,0,0,0
Greninja,Toon_Link,0,0,0
Greninja,Villager,1,0,1
Greninja,Wario,4,7,11
Greninja,Wii_Fit_Trainer,0,0,0
Greninja,Wolf,5,12,17
Greninja,Yoshi,1,2,3
Greninja,Young_Link,3,3,6
Greninja,Zelda,0,0,0
Greninja,Zero_Suit_Samus,3,8,11
Hero,Ice_Climbers,0,0,0
Hero,Ike,0,0,0
Hero,Incineroar,0,0,0
Hero,Inkling,0,0,0
Hero,Isabelle,0,0,0
Hero,Jigglypuff,0,0,0
Hero,Joker,0,0,0
Hero,Ken,0,0,0
Hero,King_Dedede,0,0,0
Hero,King_K_Rool,0,0,0
Hero,Kirby,0,0,0
Hero,Link,0,0,0
Hero,Little_Mac,0,0,0
Hero,Lucario,0,0,0
Hero,Lucas,0,0,0
Hero,Lucina,0,0,0
Hero,Luigi,0,0,0
Hero,Mario,0,0,0
Hero,Marth,0,0,0
Hero,Mega_Man,3,1,4
Hero,Meta_Knight,0,0,0
Hero,Mewtwo,0,0,0
Hero,Mii_Brawler,0,0,0
Hero,Mii_Gunner,0,0,0
Hero,Mii_Swordfighter,0,0,0
Hero,Mr_Game_&_Watch,0,0,0
Hero,Ness,0,0,0
Hero,Olimar,3,2,5
Hero,Pac-Man,1,3,4
Hero,Palutena,0,3,3
Hero,Peach,0,0,0
Hero,Pichu,0,0,0
Hero,Pikachu,0,0,0
Hero,Piranha_Plant,0,0,0
Hero,Pit,0,0,0
Hero,Pokemon_Trainer,0,0,0
Hero,ROB,0,0,0
Hero,Richter,0,0,0
Hero,Ridley,0,0,0
Hero,Robin,0,0,0
Hero,Rosalina,0,0,0
Hero,Roy,0,0,0
Hero,Ryu,0,0,0
Hero,Samus,0,0,0
Hero,Sheik,0,0,0
Hero,Shulk,0,0,0
Hero,Simon,0,0,0
Hero,Snake,0,0,0
Hero,Sonic,0,0,0
Hero,Terry,0,0,0
Hero,Toon_Link,0,0,0
Hero,Villager,0,0,0
Hero,Wario,0,0,0
Hero,Wii_Fit_Trainer,0,0,0
Hero,Wolf,0,0,0
Hero,Yoshi,0,0,0
Hero,Young_Link,0,0,0
Hero,Zelda,0,0,0
Hero,Zero_Suit_Samus,0,1,1
Ice_Climbers,Ike,0,0,0
Ice_Climbers,Incineroar,0,0,0
Ice_Climbers,Inkling,0,1,1
Ice_Climbers,Isabelle,0,0,0
Ice_Climbers,Jigglypuff,0,0,0
Ice_Climbers,Joker,0,0,0
Ice_Climbers,Ken,0,0,0
Ice_Climbers,King_Dedede,2,1,3
Ice_Climbers,King_K_Rool,0,0,0
Ice_Climbers,Kirby,0,0,0
Ice_Climbers,Link,0,0,0
Ice_Climbers,Little_Mac,0,0,0
Ice_Climbers,Lucario,0,0,0
Ice_Climbers,Lucas,0,0,0
Ice_Climbers,Lucina,0,0,0
Ice_Climbers,Luigi,0,0,0
Ice_Climbers,Mario,0,0,0
Ice_Climbers,Marth,0,0,0
Ice_Climbers,Mega_Man,0,0,0
Ice_Climbers,Meta_Knight,0,0,0
Ice_Climbers,Mewtwo,0,0,0
Ice_Climbers,Mii_Brawler,0,0,0
Ice_Climbers,Mii_Gunner,0,0,0
Ice_Climbers,Mii_Swordfighter,0,0,0
Ice_Climbers,Mr_Game_&_Watch,0,0,0
Ice_Climbers,Ness,0,0,0
Ice_Climbers,Olimar,1,2,3
Ice_Climbers,Pac-Man,0,0,0
Ice_Climbers,Palutena,1,0,1
Ice_Climbers,Peach,0,0,0
Ice_Climbers,Pichu,0,0,0
Ice_Climbers,Pikachu,0,0,0
Ice_Climbers,Piranha_Plant,0,0,0
Ice_Climbers,Pit,0,0,0
Ice_Climbers,Pokemon_Trainer,0,0,0
Ice_Climbers,ROB,0,0,0
Ice_Climbers,Richter,0,0,0
Ice_Climbers,Ridley,0,0,0
Ice_Climbers,Robin,0,0,0
Ice_Climbers,Rosalina,0,0,0
Ice_Climbers,Roy,0,0,0
Ice_Climbers,Ryu,0,0,0
Ice_Climbers,Samus,0,0,0
Ice_Climbers,Sheik,0,0,0
Ice_Climbers,Shulk,0,0,0
Ice_Climbers,Simon,0,0,0
Ice_Climbers,Snake,0,2,2
Ice_Climbers,Sonic,0,0,0
Ice_Climbers,Terry,0,0,0
Ice_Climbers,Toon_Link,0,0,0
Ice_Climbers,Villager,0,0,0
Ice_Climbers,Wario,0,0,0
Ice_Climbers,Wii_Fit_Trainer,0,0,0
Ice_Climbers,Wolf,2,2,4
Ice_Climbers,Yoshi,0,0,0
Ice_Climbers,Young_Link,0,0,0
Ice_Climbers,Zelda,0,0,0
Ice_Climbers,Zero_Suit_Samus,0,0,0
Ike,Incineroar,0,0,0
Ike,Inkling,0,1,1
Ike,Isabelle,0,0,0
Ike,Jigglypuff,2,0,2
Ike,Joker,0,0,0
Ike,Ken,0,0,0
Ike,King_Dedede,0,0,0
Ike,King_K_Rool,0,0,0
Ike,Kirby,0,0,0
Ike,Link,0,0,0
Ike,Little_Mac,0,0,0
Ike,Lucario,0,2,2
Ike,Lucas,0,0,0
Ike,Lucina,4,4,8
Ike,Luigi,0,0,0
Ike,Mario,0,2,2
Ike,Marth,0,2,2
Ike,Mega_Man,0,0,0
Ike,Meta_Knight,0,0,0
Ike,Mewtwo,0,0,0
Ike,Mii_Brawler,0,0,0
Ike,Mii_Gunner,0,0,0
Ike,Mii_Swordfighter,0,0,0
Ike,Mr_Game_&_Watch,0,0,0
Ike,Ness,2,1,3
Ike,Olimar,9,7,16
Ike,Pac-Man,0,0,0
Ike,Palutena,11,9,20
Ike,Peach,6,6,12
Ike,Pichu,3,0,3
Ike,Pikachu,3,2,5
Ike,Piranha_Plant,0,0,0
Ike,Pit,0,0,0
Ike,Pokemon_Trainer,4,3,7
Ike,ROB,2,3,5
Ike,Richter,0,0,0
Ike,Ridley,0,0,0
Ike,Robin,0,0,0
Ike,Rosalina,0,0,0
Ike,Roy,5,6,11
Ike,Ryu,0,0,0
Ike,Samus,0,0,0
Ike,Sheik,0,0,0
Ike,Shulk,0,0,0
Ike,Simon,0,0,0
Ike,Snake,5,6,11
Ike,Sonic,0,0,0
Ike,Terry,0,0,0
Ike,Toon_Link,0,0,0
Ike,Villager,0,0,0
Ike,Wario,1,2,3
Ike,Wii_Fit_Trainer,0,0,0
Ike,Wolf,0,3,3
Ike,Yoshi,0,0,0
Ike,Young_Link,0,0,0
Ike,Zelda,0,0,0
Ike,Zero_Suit_Samus,1,0,1
Incineroar,Inkling,0,0,0
Incineroar,Isabelle,0,0,0
Incineroar,Jigglypuff,0,0,0
Incineroar,Joker,0,0,0
Incineroar,Ken,0,0,0
Incineroar,King_Dedede,0,0,0
Incineroar,King_K_Rool,0,0,0
Incineroar,Kirby,0,0,0
Incineroar,Link,0,0,0
Incineroar,Little_Mac,0,0,0
Incineroar,Lucario,0,0,0
Incineroar,Lucas,0,0,0
Incineroar,Lucina,0,3,3
Incineroar,Luigi,1,0,1
Incineroar,Mario,0,0,0
Incineroar,Marth,0,0,0
Incineroar,Mega_Man,0,0,0
Incineroar,Meta_Knight,0,0,0
Incineroar,Mewtwo,0,0,0
Incineroar,Mii_Brawler,0,0,0
Incineroar,Mii_Gunner,0,0,0
Incineroar,Mii_Swordfighter,0,0,0
Incineroar,Mr_Game_&_Watch,0,0,0
Incineroar,Ness,0,0,0
Incineroar,Olimar,0,0,0
Incineroar,Pac-Man,0,2,2
Incineroar,Palutena,0,0,0
Incineroar,Peach,0,0,0
Incineroar,Pichu,0,1,1
Incineroar,Pikachu,0,0,0
Incineroar,Piranha_Plant,0,0,0
Incineroar,Pit,0,0,0
Incineroar,Pokemon_Trainer,0,2,2
Incineroar,ROB,0,3,3
Incineroar,Richter,0,1,1
Incineroar,Ridley,0,0,0
Incineroar,Robin,0,0,0
Incineroar,Rosalina,0,0,0
Incineroar,Roy,0,0,0
Incineroar,Ryu,0,0,0
Incineroar,Samus,0,0,0
Incineroar,Sheik,0,0,0
Incineroar,Shulk,0,0,0
Incineroar,Simon,0,0,0
Incineroar,Snake,0,0,0
Incineroar,Sonic,0,0,0
Incineroar,Terry,2,0,2
Incineroar,Toon_Link,0,0,0
Incineroar,Villager,0,0,0
Incineroar,Wario,3,0,3
Incineroar,Wii_Fit_Trainer,0,0,0
Incineroar,Wolf,0,0,0
Incineroar,Yoshi,0,0,0
Incineroar,Young_Link,0,0,0
Incineroar,Zelda,0,0,0
Incineroar,Zero_Suit_Samus,1,2,3
Inkling,Isabelle,0,0,0
Inkling,Jigglypuff,0,0,0
Inkling,Joker,8,11,19
Inkling,Ken,0,0,0
Inkling,King_Dedede,0,0,0
Inkling,King_K_Rool,0,0,0
Inkling,Kirby,0,0,0
Inkling,Link,2,3,5
Inkling,Little_Mac,3,0,3
Inkling,Lucario,7,6,13
Inkling,Lucas,0,0,0
Inkling,Lucina,9,8,17
Inkling,Luigi,2,3,5
Inkling,Mario,4,4,8
Inkling,Marth,2,3,5
Inkling,Mega_Man,1,5,6
Inkling,Meta_Knight,0,0,0
Inkling,Mewtwo,2,3,5
Inkling,Mii_Brawler,2,0,2
Inkling,Mii_Gunner,0,0,0
Inkling,Mii_Swordfighter,0,0,0
Inkling,Mr_Game_&_Watch,2,1,3
Inkling,Ness,5,4,9
Inkling,Olimar,8,25,33
Inkling,Pac-Man,3,9,12
Inkling,Palutena,6,5,11
Inkling,Peach,17,19,36
Inkling,Pichu,16,20,36
Inkling,Pikachu,6,9,15
Inkling,Piranha_Plant,2,0,2
Inkling,Pit,0,0,0
Inkling,Pokemon_Trainer,11,6,17
Inkling,ROB,11,11,22
Inkling,Richter,0,0,0
Inkling,Ridley,0,0,0
Inkling,Robin,0,0,0
Inkling,Rosalina,0,2,2
Inkling,Roy,3,1,4
Inkling,Ryu,0,0,0
Inkling,Samus,5,3,8
Inkling,Sheik,0,0,0
Inkling,Shulk,2,1,3
Inkling,Simon,0,0,0
Inkling,Snake,13,3,16
Inkling,Sonic,6,5,11
Inkling,Terry,0,0,0
Inkling,Toon_Link,0,2,2
Inkling,Villager,2,1,3
Inkling,Wario,12,14,26
Inkling,Wii_Fit_Trainer,3,0,3
Inkling,Wolf,12,5,17
Inkling,Yoshi,4,2,6
Inkling,Young_Link,1,3,4
Inkling,Zelda,0,0,0
Inkling,Zero_Suit_Samus,13,8,21
Isabelle,Jigglypuff,0,0,0
Isabelle,Joker,0,0,0
Isabelle,Ken,0,0,0
Isabelle,King_Dedede,0,0,0
Isabelle,King_K_Rool,0,0,0
Isabelle,Kirby,0,0,0
Isabelle,Link,0,0,0
Isabelle,Little_Mac,0,0,0
Isabelle,Lucario,0,0,0
Isabelle,Lucas,0,0,0
Isabelle,Lucina,0,0,0
Isabelle,Luigi,0,0,0
Isabelle,Mario,0,0,0
Isabelle,Marth,0,0,0
Isabelle,Mega_Man,0,0,0
Isabelle,Meta_Knight,0,0,0
Isabelle,Mewtwo,0,0,0
Isabelle,Mii_Brawler,0,0,0
Isabelle,Mii_Gunner,0,0,0
Isabelle,Mii_Swordfighter,0,0,0
Isabelle,Mr_Game_&_Watch,0,1,1
Isabelle,Ness,0,0,0
Isabelle,Olimar,0,0,0
Isabelle,Pac-Man,0,0,0
Isabelle,Palutena,0,1,1
Isabelle,Peach,0,0,0
Isabelle,Pichu,0,0,0
Isabelle,Pikachu,0,0,0
Isabelle,Piranha_Plant,0,0,0
Isabelle,Pit,0,2,2
Isabelle,Pokemon_Trainer,0,0,0
Isabelle,ROB,0,0,0
Isabelle,Richter,0,1,1
Isabelle,Ridley,0,0,0
Isabelle,Robin,0,0,0
Isabelle,Rosalina,0,0,0
Isabelle,Roy,0,0,0
Isabelle,Ryu,0,0,0
Isabelle,Samus,0,0,0
Isabelle,Sheik,0,0,0
Isabelle,Shulk,0,0,0
Isabelle,Simon,0,0,0
Isabelle,Snake,0,0,0
Isabelle,Sonic,0,0,0
Isabelle,Terry,0,0,0
Isabelle,Toon_Link,0,0,0
Isabelle,Villager,0,0,0
Isabelle,Wario,0,0,0
Isabelle,Wii_Fit_Trainer,0,0,0
Isabelle,Wolf,0,0,0
Isabelle,Yoshi,0,0,0
Isabelle,Young_Link,0,0,0
Isabelle,Zelda,0,0,0
Isabelle,Zero_Suit_Samus,0,0,0
Jigglypuff,Joker,0,0,0
Jigglypuff,Ken,2,0,2
Jigglypuff,King_Dedede,0,0,0
Jigglypuff,King_K_Rool,0,0,0
Jigglypuff,Kirby,0,0,0
Jigglypuff,Link,0,0,0
Jigglypuff,Little_Mac,0,0,0
Jigglypuff,Lucario,0,0,0
Jigglypuff,Lucas,0,0,0
Jigglypuff,Lucina,0,0,0
Jigglypuff,Luigi,0,0,0
Jigglypuff,Mario,0,0,0
Jigglypuff,Marth,0,0,0
Jigglypuff,Mega_Man,0,0,0
Jigglypuff,Meta_Knight,0,0,0
Jigglypuff,Mewtwo,0,0,0
Jigglypuff,Mii_Brawler,0,0,0
Jigglypuff,Mii_Gunner,0,0,0
Jigglypuff,Mii_Swordfighter,0,0,0
Jigglypuff,Mr_Game_&_Watch,0,0,0
Jigglypuff,Ness,0,0,0
Jigglypuff,Olimar,0,0,0
Jigglypuff,Pac-Man,0,0,0
Jigglypuff,Palutena,0,0,0
Jigglypuff,Peach,0,0,0
Jigglypuff,Pichu,0,0,0
Jigglypuff,Pikachu,0,0,0
Jigglypuff,Piranha_Plant,0,0,0
Jigglypuff,Pit,0,0,0
Jigglypuff,Pokemon_Trainer,0,0,0
Jigglypuff,ROB,0,0,0
Jigglypuff,Richter,0,0,0
Jigglypuff,Ridley,0,0,0
Jigglypuff,Robin,0,0,0
Jigglypuff,Rosalina,0,0,0
Jigglypuff,Roy,0,0,0
Jigglypuff,Ryu,0,0,0
Jigglypuff,Samus,0,0,0
Jigglypuff,Sheik,0,0,0
Jigglypuff,Shulk,0,0,0
Jigglypuff,Simon,0,0,0
Jigglypuff,Snake,0,0,0
Jigglypuff,Sonic,0,0,0
Jigglypuff,Terry,0,0,0
Jigglypuff,Toon_Link,0,0,0
Jigglypuff,Villager,0,0,0
Jigglypuff,Wario,0,0,0
Jigglypuff,Wii_Fit_Trainer,0,0,0
Jigglypuff,Wolf,0,0,0
Jigglypuff,Yoshi,0,0,0
Jigglypuff,Young_Link,0,0,0
Jigglypuff,Zelda,0,0,0
Jigglypuff,Zero_Suit_Samus,0,0,0
Joker,Ken,1,4,5
Joker,King_Dedede,2,0,2
Joker,King_K_Rool,0,0,0
Joker,Kirby,0,0,0
Joker,Link,2,3,5
Joker,Little_Mac,3,0,3
Joker,Lucario,0,0,0
Joker,Lucas,0,1,1
Joker,Lucina,8,4,12
Joker,Luigi,0,0,0
Joker,Mario,10,5,15
Joker,Marth,0,0,0
Joker,Mega_Man,14,10,24
Joker,Meta_Knight,2,0,2
Joker,Mewtwo,0,0,0
Joker,Mii_Brawler,0,0,0
Joker,Mii_Gunner,2,0,2
Joker,Mii_Swordfighter,0,0,0
Joker,Mr_Game_&_Watch,12,5,17
Joker,Ness,1,0,1
Joker,Olimar,9,16,25
Joker,Pac-Man,11,7,18
Joker,Palutena,18,7,25
Joker,Peach,35,17,52
Joker,Pichu,1,4,5
Joker,Pikachu,6,5,11
Joker,Piranha_Plant,0,0,0
Joker,Pit,0,0,0
Joker,Pokemon_Trainer,20,12,32
Joker,ROB,6,6,12
Joker,Richter,0,0,0
Joker,Ridley,0,0,0
Joker,Robin,0,0,0
Joker,Rosalina,5,2,7
Joker,Roy,4,5,9
Joker,Ryu,1,0,1
Joker,Samus,0,1,1
Joker,Sheik,2,0,2
Joker,Shulk,3,6,9
Joker,Simon,0,0,0
Joker,Snake,9,9,18
Joker,Sonic,5,3,8
Joker,Terry,0,0,0
Joker,Toon_Link,1,5,6
Joker,Villager,0,0,0
Joker,Wario,17,3,20
Joker,Wii_Fit_Trainer,0,0,0
Joker,Wolf,7,9,16
Joker,Yoshi,0,0,0
Joker,Young_Link,3,0,3
Joker,Zelda,1,0,1
Joker,Zero_Suit_Samus,31,16,47
Ken,King_Dedede,0,0,0
Ken,King_K_Rool,0,0,0
Ken,Kirby,0,0,0
Ken,Link,0,0,0
Ken,Little_Mac,0,0,0
Ken,Lucario,0,0,0
Ken,Lucas,0,0,0
Ken,Lucina,0,0,0
Ken,Luigi,0,0,0
Ken,Mario,0,0,0
Ken,Marth,0,0,0
Ken,Mega_Man,0,0,0
Ken,Meta_Knight,0,0,0
Ken,Mewtwo,0,0,0
Ken,Mii_Brawler,0,0,0
Ken,Mii_Gunner,0,0,0
Ken,Mii_Swordfighter,0,0,0
Ken,Mr_Game_&_Watch,0,0,0
Ken,Ness,0,0,0
Ken,Olimar,0,0,0
Ken,Pac-Man,0,0,0
Ken,Palutena,1,5,6
Ken,Peach,0,2,2
Ken,Pichu,0,2,2
Ken,Pikachu,0,0,0
Ken,Piranha_Plant,0,0,0
Ken,Pit,0,0,0
Ken,Pokemon_Trainer,6,4,10
Ken,ROB,0,0,0
Ken,Richter,0,0,0
Ken,Ridley,1,1,2
Ken,Robin,0,3,3
Ken,Rosalina,0,2,2
Ken,Roy,0,0,0
Ken,Ryu,0,0,0
Ken,Samus,0,0,0
Ken,Sheik,0,0,0
Ken,Shulk,0,0,0
Ken,Simon,0,0,0
Ken,Snake,0,0,0
Ken,Sonic,0,0,0
Ken,Terry,0,0,0
Ken,Toon_Link,0,0,0
Ken,Villager,0,0,0
Ken,Wario,3,1,4
Ken,Wii_Fit_Trainer,0,0,0
Ken,Wolf,0,0,0
Ken,Yoshi,0,3,3
Ken,Young_Link,1,1,2
Ken,Zelda,0,0,0
Ken,Zero_Suit_Samus,0,0,0
King_Dedede,King_K_Rool,0,0,0
King_Dedede,Kirby,0,0,0
King_Dedede,Link,2,3,5
King_Dedede,Little_Mac,0,0,0
King_Dedede,Lucario,0,2,2
King_Dedede,Lucas,0,0,0
King_Dedede,Lucina,0,0,0
King_Dedede,Luigi,0,0,0
King_Dedede,Mario,0,0,0
King_Dedede,Marth,0,0,0
King_Dedede,Mega_Man,0,0,0
King_Dedede,Meta_Knight,0,0,0
King_Dedede,Mewtwo,0,0,0
King_Dedede,Mii_Brawler,0,0,0
King_Dedede,Mii_Gunner,0,0,0
King_Dedede,Mii_Swordfighter,0,0,0
King_Dedede,Mr_Game_&_Watch,0,0,0
King_Dedede,Ness,0,0,0
King_Dedede,Olimar,1,3,4
King_Dedede,Pac-Man,0,0,0
King_Dedede,Palutena,3,2,5
King_Dedede,Peach,0,0,0
King_Dedede,Pichu,2,3,5
King_Dedede,Pikachu,0,2,2
King_Dedede,Piranha_Plant,1,2,3
King_Dedede,Pit,0,0,0
King_Dedede,Pokemon_Trainer,0,0,0
King_Dedede,ROB,2,1,3
King_Dedede,Richter,0,0,0
King_Dedede,Ridley,0,0,0
King_Dedede,Robin,0,0,0
King_Dedede,Rosalina,1,2,3
King_Dedede,Roy,0,0,0
King_Dedede,Ryu,0,0,0
King_Dedede,Samus,0,0,0
King_Dedede,Sheik,0,0,0
King_Dedede,Shulk,0,0,0
King_Dedede,Simon,0,0,0
King_Dedede,Snake,4,4,8
King_Dedede,Sonic,0,0,0
King_Dedede,Terry,0,0,0
King_Dedede,Toon_Link,1,2,3
King_Dedede,Villager,1,1,2
King_Dedede,Wario,0,0,0
King_Dedede,Wii_Fit_Trainer,0,0,0
King_Dedede,Wolf,0,3,3
King_Dedede,Yoshi,0,0,0
King_Dedede,Young_Link,0,0,0
King_Dedede,Zelda,0,0,0
King_Dedede,Zero_Suit_Samus,0,0,0
King_K_Rool,Kirby,0,0,0
King_K_Rool,Link,0,0,0
King_K_Rool,Little_Mac,0,0,0
King_K_Rool,Lucario,0,0,0
King_K_Rool,Lucas,0,0,0
King_K_Rool,Lucina,0,0,0
King_K_Rool,Luigi,0,0,0
King_K_Rool,Mario,0,0,0
King_K_Rool,Marth,0,0,0
King_K_Rool,Mega_Man,0,0,0
King_K_Rool,Meta_Knight,0,0,0
King_K_Rool,Mewtwo,0,0,0
King_K_Rool,Mii_Brawler,0,0,0
King_K_Rool,Mii_Gunner,0,0,0
King_K_Rool,Mii_Swordfighter,0,0,0
King_K_Rool,Mr_Game_&_Watch,0,0,0
King_K_Rool,Ness,0,0,0
King_K_Rool,Olimar,0,0,0
King_K_Rool,Pac-Man,0,0,0
King_K_Rool,Palutena,0,2,2
King_K_Rool,Peach,0,0,0
King_K_Rool,Pichu,0,0,0
King_K_Rool,Pikachu,0,0,0
King_K_Rool,Piranha_Plant,0,0,0
King_K_Rool,Pit,0,0,0
King_K_Rool,Pokemon_Trainer,0,0,0
King_K_Rool,ROB,0,0,0
King_K_Rool,Richter,0,0,0
King_K_Rool,Ridley,0,0,0
King_K_Rool,Robin,0,0,0
King_K_Rool,Rosalina,0,0,0
King_K_Rool,Roy,1,1,2
King_K_Rool,Ryu,0,0,0
King_K_Rool,Samus,0,0,0
King_K_Rool,Sheik,0,0,0
King_K_Rool,Shulk,0,0,0
King_K_Rool,Simon,0,0,0
King_K_Rool,Snake,0,0,0
King_K_Rool,Sonic,0,0,0
King_K_Rool,Terry,0,0,0
King_K_Rool,Toon_Link,0,0,0
King_K_Rool,Villager,0,0,0
King_K_Rool,Wario,0,0,0
King_K_Rool,Wii_Fit_Trainer,0,2,2
King_K_Rool,Wolf,0,2,2
King_K_Rool,Yoshi,0,0,0
King_K_Rool,Young_Link,0,0,0
King_K_Rool,Zelda,0,0,0
King_K_Rool,Zero_Suit_Samus,0,0,0
Kirby,Link,0,0,0
Kirby,Little_Mac,0,0,0
Kirby,Lucario,0,0,0
Kirby,Lucas,0,0,0
Kirby,Lucina,0,0,0
Kirby,Luigi,0,0,0
Kirby,Mario,0,0,0
Kirby,Marth,0,0,0
Kirby,Mega_Man,0,0,0
Kirby,Meta_Knight,0,0,0
Kirby,Mewtwo,0,0,0
Kirby,Mii_Brawler,0,0,0
Kirby,Mii_Gunner,0,0,0
Kirby,Mii_Swordfighter,0,0,0
Kirby,Mr_Game_&_Watch,0,0,0
Kirby,Ness,0,0,0
Kirby,Olimar,0,2,2
Kirby,Pac-Man,0,0,0
Kirby,Palutena,0,0,0
Kirby,Peach,0,0,0
Kirby,Pichu,0,0,0
Kirby,Pikachu,0,0,0
Kirby,Piranha_Plant,1,3,4
Kirby,Pit,0,0,0
Kirby,Pokemon_Trainer,2,1,3
Kirby,ROB,0,0,0
Kirby,Richter,0,0,0
Kirby,Ridley,0,0,0
Kirby,Robin,0,0,0
Kirby,Rosalina,0,0,0
Kirby,Roy,0,0,0
Kirby,Ryu,0,0,0
Kirby,Samus,0,0,0
Kirby,Sheik,0,0,0
Kirby,Shulk,0,0,0
Kirby,Simon,0,0,0
Kirby,Snake,0,0,0
Kirby,Sonic,0,0,0
Kirby,Terry,0,0,0
Kirby,Toon_Link,0,0,0
Kirby,Villager,0,0,0
Kirby,Wario,0,0,0
Kirby,Wii_Fit_Trainer,0,0,0
Kirby,Wolf,0,0,0
Kirby,Yoshi,0,0,0
Kirby,Young_Link,0,0,0
Kirby,Zelda,0,0,0
Kirby,Zero_Suit_Samus,0,0,0
Link,Little_Mac,0,0,0
Link,Lucario,0,3,3
Link,Lucas,0,0,0
Link,Lucina,1,3,4
Link,Luigi,2,1,3
Link,Mario,0,0,0
Link,Marth,2,0,2
Link,Mega_Man,2,3,5
Link,Meta_Knight,0,0,0
Link,Mewtwo,0,0,0
Link,Mii_Brawler,0,0,0
Link,Mii_Gunner,0,0,0
Link,Mii_Swordfighter,0,0,0
Link,Mr_Game_&_Watch,0,0,0
Link,Ness,0,3,3
Link,Olimar,0,0,0
Link,Pac-Man,1,2,3
Link,Palutena,0,3,3
Link,Peach,5,10,15
Link,Pichu,2,0,2
Link,Pikachu,1,2,3
Link,Piranha_Plant,0,0,0
Link,Pit,0,0,0
Link,Pokemon_Trainer,0,0,0
Link,ROB,1,2,3
Link,Richter,0,0,0
Link,Ridley,1,3,4
Link,Robin,0,0,0
Link,Rosalina,4,7,11
Link,Roy,0,1,1
Link,Ryu,0,0,0
Link,Samus,0,0,0
Link,Sheik,0,0,0
Link,Shulk,1,2,3
Link,Simon,0,0,0
Link,Snake,1,5,6
Link,Sonic,0,2,2
Link,Terry,0,0,0
Link,Toon_Link,2,3,5
Link,Villager,0,0,0
Link,Wario,2,3,5
Link,Wii_Fit_Trainer,0,0,0
Link,Wolf,0,0,0
Link,Yoshi,1,2,3
Link,Young_Link,0,0,0
Link,Zelda,0,0,0
Link,Zero_Suit_Samus,9,1,10
Little_Mac,Lucario,0,0,0
Little_Mac,Lucas,0,0,0
Little_Mac,Lucina,0,0,0
Little_Mac,Luigi,0,0,0
Little_Mac,Mario,0,0,0
Little_Mac,Marth,0,0,0
Little_Mac,Mega_Man,0,0,0
Little_Mac,Meta_Knight,0,0,0
Little_Mac,Mewtwo,0,2,2
Little_Mac,Mii_Brawler,0,0,0
Little_Mac,Mii_Gunner,0,0,0
Little_Mac,Mii_Swordfighter,0,0,0
Little_Mac,Mr_Game_&_Watch,0,0,0
Little_Mac,Ness,0,0,0
Little_Mac,Olimar,0,0,0
Little_Mac,Pac-Man,0,0,0
Little_Mac,Palutena,2,0,2
Little_Mac,Peach,0,0,0
Little_Mac,Pichu,3,0,3
Little_Mac,Pikachu,0,0,0
Little_Mac,Piranha_Plant,0,0,0
Little_Mac,Pit,0,0,0
Little_Mac,Pokemon_Trainer,0,0,0
Little_Mac,ROB,0,0,0
Little_Mac,Richter,0,0,0
Little_Mac,Ridley,0,0,0
Little_Mac,Robin,0,0,0
Little_Mac,Rosalina,0,0,0
Little_Mac,Roy,0,0,0
Little_Mac,Ryu,1,2,3
Little_Mac,Samus,0,2,2
Little_Mac,Sheik,0,0,0
Little_Mac,Shulk,0,0,0
Little_Mac,Simon,0,0,0
Little_Mac,Snake,1,2,3
Little_Mac,Sonic,0,0,0
Little_Mac,Terry,0,0,0
Little_Mac,Toon_Link,0,0,0
Little_Mac,Villager,0,0,0
Little_Mac,Wario,0,0,0
Little_Mac,Wii_Fit_Trainer,0,0,0
Little_Mac,Wolf,1,3,4
Little_Mac,Yoshi,2,1,3
Little_Mac,Young_Link,0,0,0
Little_Mac,Zelda,0,0,0
Little_Mac,Zero_Suit_Samus,0,2,2
Lucario,Lucas,0,0,0
Lucario,Lucina,3,6,9
Lucario,Luigi,0,0,0
Lucario,Mario,0,0,0
Lucario,Marth,0,0,0
Lucario,Mega_Man,0,0,0
Lucario,Meta_Knight,0,0,0
Lucario,Mewtwo,0,0,0
Lucario,Mii_Brawler,0,0,0
Lucario,Mii_Gunner,0,0,0
Lucario,Mii_Swordfighter,0,0,0
Lucario,Mr_Game_&_Watch,0,0,0
Lucario,Ness,1,3,4
Lucario,Olimar,0,0,0
Lucario,Pac-Man,0,0,0
Lucario,Palutena,4,4,8
Lucario,Peach,0,0,0
Lucario,Pichu,0,0,0
Lucario,Pikachu,0,0,0
Lucario,Piranha_Plant,0,0,0
Lucario,Pit,0,0,0
Lucario,Pokemon_Trainer,0,0,0
Lucario,ROB,0,1,1
Lucario,Richter,0,0,0
Lucario,Ridley,1,1,2
Lucario,Robin,0,0,0
Lucario,Rosalina,0,0,0
Lucario,Roy,0,0,0
Lucario,Ryu,0,0,0
Lucario,Samus,0,0,0
Lucario,Sheik,0,0,0
Lucario,Shulk,0,0,0
Lucario,Simon,0,0,0
Lucario,Snake,2,0,2
Lucario,Sonic,1,2,3
Lucario,Terry,0,0,0
Lucario,Toon_Link,0,0,0
Lucario,Villager,0,0,0
Lucario,Wario,1,3,4
Lucario,Wii_Fit_Trainer,0,0,0
Lucario,Wolf,5,1,6
Lucario,Yoshi,0,0,0
Lucario,Young_Link,0,0,0
Lucario,Zelda,0,0,0
Lucario,Zero_Suit_Samus,1,4,5
Lucas,Lucina,0,0,0
Lucas,Luigi,0,0,0
Lucas,Mario,0,0,0
Lucas,Marth,0,0,0
Lucas,Mega_Man,0,0,0
Lucas,Meta_Knight,0,0,0
Lucas,Mewtwo,0,0,0
Lucas,Mii_Brawler,0,0,0
Lucas,Mii_Gunner,0,0,0
Lucas,Mii_Swordfighter,0,0,0
Lucas,Mr_Game_&_Watch,0,0,0
Lucas,Ness,0,0,0
Lucas,Olimar,0,0,0
Lucas,Pac-Man,0,0,0
Lucas,Palutena,0,0,0
Lucas,Peach,0,0,0
Lucas,Pichu,0,0,0
Lucas,Pikachu,0,0,0
Lucas,Piranha_Plant,0,0,0
Lucas,Pit,0,0,0
Lucas,Pokemon_Trainer,0,3,3
Lucas,ROB,2,1,3
Lucas,Richter,0,0,0
Lucas,Ridley,0,0,0
Lucas,Robin,0,0,0
Lucas,Rosalina,0,0,0
Lucas,Roy,0,0,0
Lucas,Ryu,0,0,0
Lucas,Samus,0,0,0
Lucas,Sheik,0,0,0
Lucas,Shulk,2,0,2
Lucas,Simon,0,0,0
Lucas,Snake,0,0,0
Lucas,Sonic,0,0,0
Lucas,Terry,0,0,0
Lucas,Toon_Link,0,0,0
Lucas,Villager,0,0,0
Lucas,Wario,0,0,0
Lucas,Wii_Fit_Trainer,0,0,0
Lucas,Wolf,2,1,3
Lucas,Yoshi,0,2,2
Lucas,Young_Link,0,0,0
Lucas,Zelda,0,0,0
Lucas,Zero_Suit_Samus,0,0,0
Lucina,Luigi,0,0,0
Lucina,Mario,1,3,4
Lucina,Marth,0,0,0
Lucina,Mega_Man,10,5,15
Lucina,Meta_Knight,3,4,7
Lucina,Mewtwo,1,3,4
Lucina,Mii_Brawler,0,0,0
Lucina,Mii_Gunner,0,2,2
Lucina,Mii_Swordfighter,0,0,0
Lucina,Mr_Game_&_Watch,0,0,0
Lucina,Ness,1,2,3
Lucina,Olimar,12,16,28
Lucina,Pac-Man,3,1,4
Lucina,Palutena,8,9,17
Lucina,Peach,10,20,30
Lucina,Pichu,16,11,27
Lucina,Pikachu,4,5,9
Lucina,Piranha_Plant,0,0,0
Lucina,Pit,0,0,0
Lucina,Pokemon_Trainer,4,3,7
Lucina,ROB,8,8,16
Lucina,Richter,0,3,3
Lucina,Ridley,0,0,0
Lucina,Robin,0,0,0
Lucina,Rosalina,2,2,4
Lucina,Roy,0,0,0
Lucina,Ryu,2,1,3
Lucina,Samus,0,0,0
Lucina,Sheik,5,2,7
Lucina,Shulk,0,0,0
Lucina,Simon,0,0,0
Lucina,Snake,5,12,17
Lucina,Sonic,1,5,6
Lucina,Terry,0,0,0
Lucina,Toon_Link,3,0,3
Lucina,Villager,2,1,3
Lucina,Wario,8,19,27
Lucina,Wii_Fit_Trainer,3,2,5
Lucina,Wolf,9,9,18
Lucina,Yoshi,4,4,8
Lucina,Young_Link,5,2,7
Lucina,Zelda,6,2,8
Lucina,Zero_Suit_Samus,5,3,8
Luigi,Mario,2,1,3
Luigi,Marth,0,0,0
Luigi,Mega_Man,0,3,3
Luigi,Meta_Knight,0,0,0
Luigi,Mewtwo,0,0,0
Luigi,Mii_Brawler,0,0,0
Luigi,Mii_Gunner,0,0,0
Luigi,Mii_Swordfighter,0,0,0
Luigi,Mr_Game_&_Watch,0,0,0
Luigi,Ness,0,0,0
Luigi,Olimar,1,2,3
Luigi,Pac-Man,0,0,0
Luigi,Palutena,0,0,0
Luigi,Peach,5,2,7
Luigi,Pichu,0,3,3
Luigi,Pikachu,2,0,2
Luigi,Piranha_Plant,0,0,0
Luigi,Pit,0,0,0
Luigi,Pokemon_Trainer,3,2,5
Luigi,ROB,0,0,0
Luigi,Richter,0,0,0
Luigi,Ridley,0,0,0
Luigi,Robin,0,0,0
Luigi,Rosalina,1,3,4
Luigi,Roy,0,3,3
Luigi,Ryu,0,0,0
Luigi,Samus,0,0,0
Luigi,Sheik,0,0,0
Luigi,Shulk,0,0,0
Luigi,Simon,0,0,0
Luigi,Snake,0,0,0
Luigi,Sonic,0,0,0
Luigi,Terry,0,0,0
Luigi,Toon_Link,0,0,0
Luigi,Villager,0,0,0
Luigi,Wario,0,0,0
Luigi,Wii_Fit_Trainer,0,0,0
Luigi,Wolf,3,1,4
Luigi,Yoshi,0,0,0
Luigi,Young_Link,0,0,0
Luigi,Zelda,0,0,0
Luigi,Zero_Suit_Samus,3,10,13
Mario,Marth,0,0,0
Mario,Mega_Man,3,5,8
Mario,Meta_Knight,0,0,0
Mario,Mewtwo,0,0,0
Mario,Mii_Brawler,0,0,0
Mario,Mii_Gunner,0,0,0
Mario,Mii_Swordfighter,0,0,0
Mario,Mr_Game_&_Watch,0,0,0
Mario,Ness,6,4,10
Mario,Olimar,6,8,14
Mario,Pac-Man,0,0,0
Mario,Palutena,2,9,11
Mario,Peach,6,12,18
Mario,Pichu,1,8,9
Mario,Pikachu,0,3,3
Mario,Piranha_Plant,0,0,0
Mario,Pit,0,0,0
Mario,Pokemon_Trainer,1,1,2
Mario,ROB,6,7,13
Mario,Richter,2,3,5
Mario,Ridley,1,1,2
Mario,Robin,3,1,4
Mario,Rosalina,2,4,6
Mario,Roy,6,2,8
Mario,Ryu,0,0,0
Mario,Samus,0,0,0
Mario,Sheik,2,0,2
Mario,Shulk,3,1,4
Mario,Simon,0,0,0
Mario,Snake,8,13,21
Mario,Sonic,4,2,6
Mario,Terry,0,0,0
Mario,Toon_Link,0,0,0
Mario,Villager,0,2,2
Mario,Wario,3,9,12
Mario,Wii_Fit_Trainer,1,1,2
Mario,Wolf,17,13,30
Mario,Yoshi,4,6,10
Mario,Young_Link,0,0,0
Mario,Zelda,0,0,0
Mario,Zero_Suit_Samus,4,18,22
Marth,Mega_Man,0,0,0
Marth,Meta_Knight,0,0,0
Marth,Mewtwo,0,0,0
Marth,Mii_Brawler,0,0,0
Marth,Mii_Gunner,0,0,0
Marth,Mii_Swordfighter,0,0,0
Marth,Mr_Game_&_Watch,2,2,4
Marth,Ness,0,0,0
Marth,Olimar,2,0,2
Marth,Pac-Man,0,0,0
Marth,Palutena,0,1,1
Marth,Peach,1,2,3
Marth,Pichu,1,2,3
Marth,Pikachu,2,3,5
Marth,Piranha_Plant,3,0,3
Marth,Pit,0,0,0
Marth,Pokemon_Trainer,0,0,0
Marth,ROB,0,0,0
Marth,Richter,0,0,0
Marth,Ridley,0,0,0
Marth,Robin,0,0,0
Marth,Rosalina,0,0,0
Marth,Roy,0,0,0
Marth,Ryu,0,0,0
Marth,Samus,0,0,0
Marth,Sheik,0,0,0
Marth,Shulk,0,0,0
Marth,Simon,0,0,0
Marth,Snake,0,0,0
Marth,Sonic,0,0,0
Marth,Terry,0,0,0
Marth,Toon_Link,0,0,0
Marth,Villager,0,0,0
Marth,Wario,0,3,3
Marth,Wii_Fit_Trainer,0,0,0
Marth,Wolf,0,0,0
Marth,Yoshi,0,0,0
Marth,Young_Link,0,0,0
Marth,Zelda,0,0,0
Marth,Zero_Suit_Samus,3,0,3
Mega_Man,Meta_Knight,0,1,1
Mega_Man,Mewtwo,0,0,0
Mega_Man,Mii_Brawler,0,0,0
Mega_Man,Mii_Gunner,0,0,0
Mega_Man,Mii_Swordfighter,0,0,0
Mega_Man,Mr_Game_&_Watch,1,3,4
Mega_Man,Ness,0,0,0
Mega_Man,Olimar,6,6,12
Mega_Man,Pac-Man,2,1,3
Mega_Man,Palutena,5,6,11
Mega_Man,Peach,0,1,1
Mega_Man,Pichu,4,6,10
Mega_Man,Pikachu,1,6,7
Mega_Man,Piranha_Plant,2,5,7
Mega_Man,Pit,0,0,0
Mega_Man,Pokemon_Trainer,13,14,27
Mega_Man,ROB,4,3,7
Mega_Man,Richter,0,0,0
Mega_Man,Ridley,0,0,0
Mega_Man,Robin,0,0,0
Mega_Man,Rosalina,8,2,10
Mega_Man,Roy,2,3,5
Mega_Man,Ryu,0,0,0
Mega_Man,Samus,4,1,5
Mega_Man,Sheik,1,2,3
Mega_Man,Shulk,16,7,23
Mega_Man,Simon,0,0,0
Mega_Man,Snake,14,11,25
Mega_Man,Sonic,4,0,4
Mega_Man,Terry,0,0,0
Mega_Man,Toon_Link,0,0,0
Mega_Man,Villager,0,0,0
Mega_Man,Wario,5,11,16
Mega_Man,Wii_Fit_Trainer,0,0,0
Mega_Man,Wolf,2,2,4
Mega_Man,Yoshi,5,0,5
Mega_Man,Young_Link,3,2,5
Mega_Man,Zelda,0,0,0
Mega_Man,Zero_Suit_Samus,2,4,6
Meta_Knight,Mewtwo,0,0,0
Meta_Knight,Mii_Brawler,0,0,0
Meta_Knight,Mii_Gunner,0,0,0
Meta_Knight,Mii_Swordfighter,0,0,0
Meta_Knight,Mr_Game_&_Watch,0,0,0
Meta_Knight,Ness,0,0,0
Meta_Knight,Olimar,4,4,8
Meta_Knight,Pac-Man,0,0,0
Meta_Knight,Palutena,4,7,11
Meta_Knight,Peach,0,2,2
Meta_Knight,Pichu,0,0,0
Meta_Knight,Pikachu,0,0,0
Meta_Knight,Piranha_Plant,0,0,0
Meta_Knight,Pit,0,0,0
Meta_Knight,Pokemon_Trainer,2,2,4
Meta_Knight,ROB,0,1,1
Meta_Knight,Richter,0,0,0
Meta_Knight,Ridley,0,0,0
Meta_Knight,Robin,0,0,0
Meta_Knight,Rosalina,0,2,2
Meta_Knight,Roy,0,0,0
Meta_Knight,Ryu,0,0,0
Meta_Knight,Samus,0,0,0
Meta_Knight,Sheik,0,0,0
Meta_Knight,Shulk,0,0,0
Meta_Knight,Simon,0,0,0
Meta_Knight,Snake,0,0,0
Meta_Knight,Sonic,0,0,0
Meta_Knight,Terry,0,0,0
Meta_Knight,Toon_Link,0,0,0
Meta_Knight,Villager,0,0,0
Meta_Knight,Wario,0,0,0
Meta_Knight,Wii_Fit_Trainer,0,0,0
Meta_Knight,Wolf,0,0,0
Meta_Knight,Yoshi,3,2,5
Meta_Knight,Young_Link,0,1,1
Meta_Knight,Zelda,0,0,0
Meta_Knight,Zero_Suit_Samus,0,0,0
Mewtwo,Mii_Brawler,0,0,0
Mewtwo,Mii_Gunner,0,0,0
Mewtwo,Mii_Swordfighter,0,0,0
Mewtwo,Mr_Game_&_Watch,0,0,0
Mewtwo,Ness,1,1,2
Mewtwo,Olimar,0,2,2
Mewtwo,Pac-Man,1,2,3
Mewtwo,Palutena,0,0,0
Mewtwo,Peach,0,0,0
Mewtwo,Pichu,0,0,0
Mewtwo,Pikachu,0,0,0
Mewtwo,Piranha_Plant,0,0,0
Mewtwo,Pit,0,0,0
Mewtwo,Pokemon_Trainer,0,0,0
Mewtwo,ROB,0,3,3
Mewtwo,Richter,0,0,0
Mewtwo,Ridley,0,0,0
Mewtwo,Robin,0,0,0
Mewtwo,Rosalina,0,0,0
Mewtwo,Roy,0,0,0
Mewtwo,Ryu,0,0,0
Mewtwo,Samus,0,0,0
Mewtwo,Sheik,0,0,0
Mewtwo,Shulk,0,0,0
Mewtwo,Simon,0,0,0
Mewtwo,Snake,2,5,7
Mewtwo,Sonic,0,0,0
Mewtwo,Terry,0,0,0
Mewtwo,Toon_Link,0,0,0
Mewtwo,Villager,0,0,0
Mewtwo,Wario,0,0,0
Mewtwo,Wii_Fit_Trainer,0,0,0
Mewtwo,Wolf,0,0,0
Mewtwo,Yoshi,0,0,0
Mewtwo,Young_Link,0,0,0
Mewtwo,Zelda,0,0,0
Mewtwo,Zero_Suit_Samus,0,1,1
Mii_Brawler,Mii_Gunner,0,0,0
Mii_Brawler,Mii_Swordfighter,0,0,0
Mii_Brawler,Mr_Game_&_Watch,0,0,0
Mii_Brawler,Ness,0,0,0
Mii_Brawler,Olimar,0,0,0
Mii_Brawler,Pac-Man,0,0,0
Mii_Brawler,Palutena,0,0,0
Mii_Brawler,Peach,0,0,0
Mii_Brawler,Pichu,0,0,0
Mii_Brawler,Pikachu,0,0,0
Mii_Brawler,Piranha_Plant,0,0,0
Mii_Brawler,Pit,0,0,0
Mii_Brawler,Pokemon_Trainer,0,0,0
Mii_Brawler,ROB,0,0,0
Mii_Brawler,Richter,0,0,0
Mii_Brawler,Ridley,0,0,0
Mii_Brawler,Robin,0,0,0
Mii_Brawler,Rosalina,0,0,0
Mii_Brawler,Roy,0,0,0
Mii_Brawler,Ryu,0,0,0
Mii_Brawler,Samus,0,0,0
Mii_Brawler,Sheik,0,0,0
Mii_Brawler,Shulk,0,0,0
Mii_Brawler,Simon,0,0,0
Mii_Brawler,Snake,0,0,0
Mii_Brawler,Sonic,0,0,0
Mii_Brawler,Terry,0,0,0
Mii_Brawler,Toon_Link,0,0,0
Mii_Brawler,Villager,0,0,0
Mii_Brawler,Wario,0,0,0
Mii_Brawler,Wii_Fit_Trainer,0,0,0
Mii_Brawler,Wolf,0,0,0
Mii_Brawler,Yoshi,0,0,0
Mii_Brawler,Young_Link,0,0,0
Mii_Brawler,Zelda,0,0,0
Mii_Brawler,Zero_Suit_Samus,0,0,0
Mii_Gunner,Mii_Swordfighter,0,0,0
Mii_Gunner,Mr_Game_&_Watch,0,0,0
Mii_Gunner,Ness,0,3,3
Mii_Gunner,Olimar,0,0,0
Mii_Gunner,Pac-Man,0,0,0
Mii_Gunner,Palutena,0,0,0
Mii_Gunner,Peach,0,0,0
Mii_Gunner,Pichu,3,0,3
Mii_Gunner,Pikachu,0,0,0
Mii_Gunner,Piranha_Plant,0,0,0
Mii_Gunner,Pit,0,0,0
Mii_Gunner,Pokemon_Trainer,0,0,0
Mii_Gunner,ROB,0,0,0
Mii_Gunner,Richter,0,0,0
Mii_Gunner,Ridley,0,0,0
Mii_Gunner,Robin,0,0,0
Mii_Gunner,Rosalina,0,0,0
Mii_Gunner,Roy,0,0,0
Mii_Gunner,Ryu,0,0,0
Mii_Gunner,Samus,0,0,0
Mii_Gunner,Sheik,0,0,0
Mii_Gunner,Shulk,0,0,0
Mii_Gunner,Simon,0,0,0
Mii_Gunner,Snake,0,0,0
Mii_Gunner,Sonic,0,0,0
Mii_Gunner,Terry,0,0,0
Mii_Gunner,Toon_Link,0,0,0
Mii_Gunner,Villager,0,0,0
Mii_Gunner,Wario,0,0,0
Mii_Gunner,Wii_Fit_Trainer,0,0,0
Mii_Gunner,Wolf,0,0,0
Mii_Gunner,Yoshi,0,0,0
Mii_Gunner,Young_Link,0,0,0
Mii_Gunner,Zelda,0,0,0
Mii_Gunner,Zero_Suit_Samus,0,0,0
Mii_Swordfighter,Mr_Game_&_Watch,0,0,0
Mii_Swordfighter,Ness,0,0,0
Mii_Swordfighter,Olimar,0,0,0
Mii_Swordfighter,Pac-Man,0,0,0
Mii_Swordfighter,Palutena,0,1,1
Mii_Swordfighter,Peach,0,0,0
Mii_Swordfighter,Pichu,0,0,0
Mii_Swordfighter,Pikachu,0,0,0
Mii_Swordfighter,Piranha_Plant,0,0,0
Mii_Swordfighter,Pit,0,0,0
Mii_Swordfighter,Pokemon_Trainer,0,0,0
Mii_Swordfighter,ROB,0,0,0
Mii_Swordfighter,Richter,0,0,0
Mii_Swordfighter,Ridley,0,0,0
Mii_Swordfighter,Robin,0,0,0
Mii_Swordfighter,Rosalina,2,0,2
Mii_Swordfighter,Roy,0,0,0
Mii_Swordfighter,Ryu,0,0,0
Mii_Swordfighter,Samus,0,0,0
Mii_Swordfighter,Sheik,0,0,0
Mii_Swordfighter,Shulk,0,0,0
Mii_Swordfighter,Simon,0,0,0
Mii_Swordfighter,Snake,0,0,0
Mii_Swordfighter,Sonic,0,0,0
Mii_Swordfighter,Terry,0,0,0
Mii_Swordfighter,Toon_Link,0,0,0
Mii_Swordfighter,Villager,0,0,0
Mii_Swordfighter,Wario,0,0,0
Mii_Swordfighter,Wii_Fit_Trainer,0,0,0
Mii_Swordfighter,Wolf,0,0,0
Mii_Swordfighter,Yoshi,0,0,0
Mii_Swordfighter,Young_Link,0,0,0
Mii_Swordfighter,Zelda,0,0,0
Mii_Swordfighter,Zero_Suit_Samus,0,0,0
Mr_Game_&_Watch,Ness,2,0,2
Mr_Game_&_Watch,Olimar,5,5,10
Mr_Game_&_Watch,Pac-Man,2,3,5
Mr_Game_&_Watch,Palutena,6,4,10
Mr_Game_&_Watch,Peach,10,2,12
Mr_Game_&_Watch,Pichu,8,0,8
Mr_Game_&_Watch,Pikachu,7,4,11
Mr_Game_&_Watch,Piranha_Plant,0,0,0
Mr_Game_&_Watch,Pit,0,0,0
Mr_Game_&_Watch,Pokemon_Trainer,0,2,2
Mr_Game_&_Watch,ROB,1,0,1
Mr_Game_&_Watch,Richter,0,0,0
Mr_Game_&_Watch,Ridley,0,0,0
Mr_Game_&_Watch,Robin,0,1,1
Mr_Game_&_Watch,Rosalina,0,0,0
Mr_Game_&_Watch,Roy,0,0,0
Mr_Game_&_Watch,Ryu,0,0,0
Mr_Game_&_Watch,Samus,0,0,0
Mr_Game_&_Watch,Sheik,1,0,1
Mr_Game_&_Watch,Shulk,0,0,0
Mr_Game_&_Watch,Simon,0,0,0
Mr_Game_&_Watch,Snake,0,0,0
Mr_Game_&_Watch,Sonic,2,0,2
Mr_Game_&_Watch,Terry,0,0,0
Mr_Game_&_Watch,Toon_Link,3,1,4
Mr_Game_&_Watch,Villager,2,0,2
Mr_Game_&_Watch,Wario,7,2,9
Mr_Game_&_Watch,Wii_Fit_Trainer,0,0,0
Mr_Game_&_Watch,Wolf,2,4,6
Mr_Game_&_Watch,Yoshi,0,0,0
Mr_Game_&_Watch,Young_Link,0,0,0
Mr_Game_&_Watch,Zelda,0,0,0
Mr_Game_&_Watch,Zero_Suit_Samus,5,7,12
Ness,Olimar,0,5,5
Ness,Pac-Man,4,2,6
Ness,Palutena,3,5,8
Ness,Peach,2,3,5
Ness,Pichu,0,2,2
Ness,Pikachu,0,0,0
Ness,Piranha_Plant,1,2,3
Ness,Pit,0,0,0
Ness,Pokemon_Trainer,7,11,18
Ness,ROB,2,4,6
Ness,Richter,2,5,7
Ness,Ridley,0,0,0
Ness,Robin,2,0,2
Ness,Rosalina,0,0,0
Ness,Roy,0,0,0
Ness,Ryu,0,0,0
Ness,Samus,0,0,0
Ness,Sheik,0,0,0
Ness,Shulk,4,4,8
Ness,Simon,0,0,0
Ness,Snake,1,3,4
Ness,Sonic,0,4,4
Ness,Terry,0,0,0
Ness,Toon_Link,0,0,0
Ness,Villager,1,2,3
Ness,Wario,0,0,0
Ness,Wii_Fit_Trainer,0,0,0
Ness,Wolf,2,3,5
Ness,Yoshi,2,0,2
Ness,Young_Link,3,1,4
Ness,Zelda,3,0,3
Ness,Zero_Suit_Samus,7,10,17
Olimar,Pac-Man,10,9,19
Olimar,Palutena,25,7,32
Olimar,Peach,8,13,21
Olimar,Pichu,22,10,32
Olimar,Pikachu,1,3,4
Olimar,Piranha_Plant,0,2,2
Olimar,Pit,3,1,4
Olimar,Pokemon_Trainer,18,17,35
Olimar,ROB,12,6,18
Olimar,Richter,3,2,5
Olimar,Ridley,0,0,0
Olimar,Robin,0,0,0
Olimar,Rosalina,0,3,3
Olimar,Roy,7,1,8
Olimar,Ryu,0,0,0
Olimar,Samus,0,0,0
Olimar,Sheik,0,0,0
Olimar,Shulk,2,4,6
Olimar,Simon,0,0,0
Olimar,Snake,24,23,47
Olimar,Sonic,4,5,9
Olimar,Terry,0,0,0
Olimar,Toon_Link,0,0,0
Olimar,Villager,0,0,0
Olimar,Wario,18,17,35
Olimar,Wii_Fit_Trainer,0,0,0
Olimar,Wolf,39,43,82
Olimar,Yoshi,6,1,7
Olimar,Young_Link,3,0,3
Olimar,Zelda,0,0,0
Olimar,Zero_Suit_Samus,15,15,30
Pac-Man,Palutena,9,8,17
Pac-Man,Peach,11,13,24
Pac-Man,Pichu,3,3,6
Pac-Man,Pikachu,3,2,5
Pac-Man,Piranha_Plant,0,0,0
Pac-Man,Pit,0,0,0
Pac-Man,Pokemon_Trainer,4,4,8
Pac-Man,ROB,1,3,4
Pac-Man,Richter,0,0,0
Pac-Man,Ridley,0,0,0
Pac-Man,Robin,0,0,0
Pac-Man,Rosalina,2,0,2
Pac-Man,Roy,0,0,0
Pac-Man,Ryu,0,0,0
Pac-Man,Samus,0,0,0
Pac-Man,Sheik,1,0,1
Pac-Man,Shulk,3,2,5
Pac-Man,Simon,0,0,0
Pac-Man,Snake,0,0,0
Pac-Man,Sonic,2,0,2
Pac-Man,Terry,0,0,0
Pac-Man,Toon_Link,0,0,0
Pac-Man,Villager,0,0,0
Pac-Man,Wario,11,9,20
Pac-Man,Wii_Fit_Trainer,0,0,0
Pac-Man,Wolf,6,1,7
Pac-Man,Yoshi,7,4,11
Pac-Man,Young_Link,5,2,7
Pac-Man,Zelda,2,0,2
Pac-Man,Zero_Suit_Samus,13,17,30
Palutena,Peach,28,24,52
Palutena,Pichu,16,12,28
Palutena,Pikachu,2,9,11
Palutena,Piranha_Plant,0,0,0
Palutena,Pit,2,1,3
Palutena,Pokemon_Trainer,9,8,17
Palutena,ROB,17,8,25
Palutena,Richter,1,5,6
Palutena,Ridley,0,0,0
Palutena,Robin,2,0,2
Palutena,Rosalina,3,4,7
Palutena,Roy,3,3,6
Palutena,Ryu,2,0,2
Palutena,Samus,0,0,0
Palutena,Sheik,1,0,1
Palutena,Shulk,7,1,8
Palutena,Simon,0,0,0
Palutena,Snake,21,21,42
Palutena,Sonic,3,3,6
Palutena,Terry,0,0,0
Palutena,Toon_Link,0,0,0
Palutena,Villager,5,3,8
Palutena,Wario,17,18,35
Palutena,Wii_Fit_Trainer,0,0,0
Palutena,Wolf,14,12,26
Palutena,Yoshi,5,2,7
Palutena,Young_Link,1,1,2
Palutena,Zelda,0,0,0
Palutena,Zero_Suit_Samus,12,18,30
Peach,Pichu,22,13,35
Peach,Pikachu,9,3,12
Peach,Piranha_Plant,0,0,0
Peach,Pit,0,0,0
Peach,Pokemon_Trainer,23,17,40
Peach,ROB,10,11,21
Peach,Richter,0,3,3
Peach,Ridley,0,0,0
Peach,Robin,0,0,0
Peach,Rosalina,9,7,16
Peach,Roy,3,12,15
Peach,Ryu,1,0,1
Peach,Samus,2,3,5
Peach,Sheik,3,3,6
Peach,Shulk,8,5,13
Peach,Simon,0,0,0
Peach,Snake,30,24,54
Peach,Sonic,3,1,4
Peach,Terry,0,0,0
Peach,Toon_Link,0,0,0
Peach,Villager,0,0,0
Peach,Wario,5,13,18
Peach,Wii_Fit_Trainer,4,1,5
Peach,Wolf,16,4,20
Peach,Yoshi,4,6,10
Peach,Young_Link,1,3,4
Peach,Zelda,2,1,3
Peach,Zero_Suit_Samus,27,29,56
Pichu,Pikachu,6,5,11
Pichu,Piranha_Plant,0,0,0
Pichu,Pit,0,0,0
Pichu,Pokemon_Trainer,9,4,13
Pichu,ROB,8,9,17
Pichu,Richter,0,0,0
Pichu,Ridley,0,1,1
Pichu,Robin,2,1,3
Pichu,Rosalina,1,0,1
Pichu,Roy,8,1,9
Pichu,Ryu,0,0,0
Pichu,Samus,0,0,0
Pichu,Sheik,1,0,1
Pichu,Shulk,0,0,0
Pichu,Simon,0,0,0
Pichu,Snake,7,9,16
Pichu,Sonic,3,2,5
Pichu,Terry,0,0,0
Pichu,Toon_Link,3,2,5
Pichu,Villager,0,2,2
Pichu,Wario,1,9,10
Pichu,Wii_Fit_Trainer,0,0,0
Pichu,Wolf,15,9,24
Pichu,Yoshi,7,1,8
Pichu,Young_Link,1,3,4
Pichu,Zelda,0,0,0
Pichu,Zero_Suit_Samus,6,7,13
Pikachu,Piranha_Plant,0,0,0
Pikachu,Pit,0,0,0
Pikachu,Pokemon_Trainer,6,9,15
Pikachu,ROB,10,9,19
Pikachu,Richter,0,3,3
Pikachu,Ridley,0,0,0
Pikachu,Robin,3,0,3
Pikachu,Rosalina,0,0,0
Pikachu,Roy,0,0,0
Pikachu,Ryu,0,0,0
Pikachu,Samus,0,0,0
Pikachu,Sheik,0,0,0
Pikachu,Shulk,1,0,1
Pikachu,Simon,0,0,0
Pikachu,Snake,12,8,20
Pikachu,Sonic,2,0,2
Pikachu,Terry,0,0,0
Pikachu,Toon_Link,0,0,0
Pikachu,Villager,0,0,0
Pikachu,Wario,6,8,14
Pikachu,Wii_Fit_Trainer,0,0,0
Pikachu,Wolf,11,7,18
Pikachu,Yoshi,3,3,6
Pikachu,Young_Link,0,0,0
Pikachu,Zelda,4,4,8
Pikachu,Zero_Suit_Samus,5,3,8
Piranha_Plant,Pit,0,0,0
Piranha_Plant,Pokemon_Trainer,0,1,1
Piranha_Plant,ROB,4,3,7
Piranha_Plant,Richter,0,0,0
Piranha_Plant,Ridley,0,0,0
Piranha_Plant,Robin,0,0,0
Piranha_Plant,Rosalina,0,0,0
Piranha_Plant,Roy,0,0,0
Piranha_Plant,Ryu,0,0,0
Piranha_Plant,Samus,0,0,0
Piranha_Plant,Sheik,0,0,0
Piranha_Plant,Shulk,0,0,0
Piranha_Plant,Simon,0,0,0
Piranha_Plant,Snake,0,0,0
Piranha_Plant,Sonic,0,0,0
Piranha_Plant,Terry,0,0,0
Piranha_Plant,Toon_Link,0,0,0
Piranha_Plant,Villager,0,0,0
Piranha_Plant,Wario,2,6,8
Piranha_Plant,Wii_Fit_Trainer,0,0,0
Piranha_Plant,Wolf,0,4,4
Piranha_Plant,Yoshi,3,0,3
Piranha_Plant,Young_Link,0,0,0
Piranha_Plant,Zelda,0,0,0
Piranha_Plant,Zero_Suit_Samus,0,0,0
Pit,Pokemon_Trainer,0,0,0
Pit,ROB,1,2,3
Pit,Richter,0,0,0
Pit,Ridley,0,0,0
Pit,Robin,0,0,0
Pit,Rosalina,0,0,0
Pit,Roy,0,0,0
Pit,Ryu,0,0,0
Pit,Samus,0,0,0
Pit,Sheik,0,0,0
Pit,Shulk,0,0,0
Pit,Simon,0,0,0
Pit,Snake,0,0,0
Pit,Sonic,0,0,0
Pit,Terry,0,0,0
Pit,Toon_Link,0,0,0
Pit,Villager,0,0,0
Pit,Wario,0,0,0
Pit,Wii_Fit_Trainer,0,0,0
Pit,Wolf,0,0,0
Pit,Yoshi,0,0,0
Pit,Young_Link,0,0,0
Pit,Zelda,0,0,0
Pit,Zero_Suit_Samus,0,0,0
Pokemon_Trainer,ROB,10,8,18
Pokemon_Trainer,Richter,2,3,5
Pokemon_Trainer,Ridley,0,0,0
Pokemon_Trainer,Robin,0,0,0
Pokemon_Trainer,Rosalina,1,2,3
Pokemon_Trainer,Roy,2,3,5
Pokemon_Trainer,Ryu,2,0,2
Pokemon_Trainer,Samus,0,1,1
Pokemon_Trainer,Sheik,3,1,4
Pokemon_Trainer,Shulk,1,5,6
Pokemon_Trainer,Simon,0,0,0
Pokemon_Trainer,Snake,2,6,8
Pokemon_Trainer,Sonic,5,3,8
Pokemon_Trainer,Terry,0,0,0
Pokemon_Trainer,Toon_Link,0,0,0
Pokemon_Trainer,Villager,2,3,5
Pokemon_Trainer,Wario,8,7,15
Pokemon_Trainer,Wii_Fit_Trainer,0,0,0
Pokemon_Trainer,Wolf,0,10,10
Pokemon_Trainer,Yoshi,10,6,16
Pokemon_Trainer,Young_Link,2,3,5
Pokemon_Trainer,Zelda,0,2,2
Pokemon_Trainer,Zero_Suit_Samus,7,14,21
ROB,Richter,3,0,3
ROB,Ridley,2,0,2
ROB,Robin,0,0,0
ROB,Rosalina,9,8,17
ROB,Roy,6,4,10
ROB,Ryu,0,0,0
ROB,Samus,3,4,7
ROB,Sheik,2,0,2
ROB,Shulk,2,3,5
ROB,Simon,0,0,0
ROB,Snake,11,7,18
ROB,Sonic,2,3,5
ROB,Terry,0,0,0
ROB,Toon_Link,0,0,0
ROB,Villager,0,0,0
ROB,Wario,4,10,14
ROB,Wii_Fit_Trainer,0,0,0
ROB,Wolf,4,4,8
ROB,Yoshi,4,0,4
ROB,Young_Link,1,3,4
ROB,Zelda,3,0,3
ROB,Zero_Suit_Samus,3,6,9
Richter,Ridley,0,0,0
Richter,Robin,0,0,0
Richter,Rosalina,0,1,1
Richter,Roy,3,2,5
Richter,Ryu,0,0,0
Richter,Samus,0,1,1
Richter,Sheik,0,0,0
Richter,Shulk,0,0,0
Richter,Simon,0,0,0
Richter,Snake,0,3,3
Richter,Sonic,0,0,0
Richter,Terry,0,0,0
Richter,Toon_Link,0,0,0
Richter,Villager,0,0,0
Richter,Wario,1,1,2
Richter,Wii_Fit_Trainer,0,0,0
Richter,Wolf,0,2,2
Richter,Yoshi,2,3,5
Richter,Young_Link,0,0,0
Richter,Zelda,0,0,0
Richter,Zero_Suit_Samus,0,0,0
Ridley,Robin,0,0,0
Ridley,Rosalina,0,1,1
Ridley,Roy,0,0,0
Ridley,Ryu,0,0,0
Ridley,Samus,0,0,0
Ridley,Sheik,0,0,0
Ridley,Shulk,0,0,0
Ridley,Simon,0,0,0
Ridley,Snake,0,0,0
Ridley,Sonic,0,0,0
Ridley,Terry,0,0,0
Ridley,Toon_Link,0,0,0
Ridley,Villager,0,0,0
Ridley,Wario,0,0,0
Ridley,Wii_Fit_Trainer,0,0,0
Ridley,Wolf,0,0,0
Ridley,Yoshi,0,0,0
Ridley,Young_Link,0,0,0
Ridley,Zelda,0,0,0
Ridley,Zero_Suit_Samus,0,0,0
Robin,Rosalina,0,0,0
Robin,Roy,0,0,0
Robin,Ryu,0,0,0
Robin,Samus,0,0,0
Robin,Sheik,0,0,0
Robin,Shulk,0,0,0
Robin,Simon,0,0,0
Robin,Snake,0,0,0
Robin,Sonic,0,0,0
Robin,Terry,0,0,0
Robin,Toon_Link,0,0,0
Robin,Villager,0,0,0
Robin,Wario,0,0,0
Robin,Wii_Fit_Trainer,0,0,0
Robin,Wolf,0,0,0
Robin,Yoshi,0,0,0
Robin,Young_Link,0,0,0
Robin,Zelda,0,0,0
Robin,Zero_Suit_Samus,1,0,1
Rosalina,Roy,0,0,0
Rosalina,Ryu,1,0,1
Rosalina,Samus,0,0,0
Rosalina,Sheik,0,0,0
Rosalina,Shulk,3,5,8
Rosalina,Simon,0,0,0
Rosalina,Snake,0,2,2
Rosalina,Sonic,1,2,3
Rosalina,Terry,0,0,0
Rosalina,Toon_Link,0,0,0
Rosalina,Villager,2,1,3
Rosalina,Wario,2,4,6
Rosalina,Wii_Fit_Trainer,0,0,0
Rosalina,Wolf,4,1,5
Rosalina,Yoshi,0,0,0
Rosalina,Young_Link,0,0,0
Rosalina,Zelda,0,0,0
Rosalina,Zero_Suit_Samus,1,4,5
Roy,Ryu,0,0,0
Roy,Samus,0,0,0
Roy,Sheik,0,0,0
Roy,Shulk,0,0,0
Roy,Simon,0,0,0
Roy,Snake,2,11,13
Roy,Sonic,4,2,6
Roy,Terry,0,0,0
Roy,Toon_Link,0,0,0
Roy,Villager,3,1,4
Roy,Wario,2,6,8
Roy,Wii_Fit_Trainer,0,0,0
Roy,Wolf,6,1,7
Roy,Yoshi,3,1,4
Roy,Young_Link,0,0,0
Roy,Zelda,0,0,0
Roy,Zero_Suit_Samus,9,9,18
Ryu,Samus,0,0,0
Ryu,Sheik,0,0,0
Ryu,Shulk,0,0,0
Ryu,Simon,0,0,0
Ryu,Snake,0,0,0
Ryu,Sonic,0,0,0
Ryu,Terry,0,0,0
Ryu,Toon_Link,0,0,0
Ryu,Villager,0,0,0
Ryu,Wario,0,0,0
Ryu,Wii_Fit_Trainer,0,0,0
Ryu,Wolf,0,0,0
Ryu,Yoshi,0,0,0
Ryu,Young_Link,1,3,4
Ryu,Zelda,0,0,0
Ryu,Zero_Suit_Samus,2,0,2
Samus,Sheik,0,0,0
Samus,Shulk,3,0,3
Samus,Simon,0,0,0
Samus,Snake,0,0,0
Samus,Sonic,0,0,0
Samus,Terry,0,0,0
Samus,Toon_Link,0,0,0
Samus,Villager,0,0,0
Samus,Wario,5,11,16
Samus,Wii_Fit_Trainer,0,0,0
Samus,Wolf,6,0,6
Samus,Yoshi,2,0,2
Samus,Young_Link,3,2,5
Samus,Zelda,0,0,0
Samus,Zero_Suit_Samus,2,1,3
Sheik,Shulk,0,0,0
Sheik,Simon,0,0,0
Sheik,Snake,5,3,8
Sheik,Sonic,0,0,0
Sheik,Terry,0,0,0
Sheik,Toon_Link,0,0,0
Sheik,Villager,0,0,0
Sheik,Wario,2,1,3
Sheik,Wii_Fit_Trainer,0,0,0
Sheik,Wolf,0,0,0
Sheik,Yoshi,0,0,0
Sheik,Young_Link,0,0,0
Sheik,Zelda,0,0,0
Sheik,Zero_Suit_Samus,0,2,2
Shulk,Simon,0,0,0
Shulk,Snake,3,3,6
Shulk,Sonic,1,4,5
Shulk,Terry,0,0,0
Shulk,Toon_Link,0,0,0
Shulk,Villager,1,2,3
Shulk,Wario,0,0,0
Shulk,Wii_Fit_Trainer,0,0,0
Shulk,Wolf,2,7,9
Shulk,Yoshi,4,0,4
Shulk,Young_Link,0,0,0
Shulk,Zelda,3,1,4
Shulk,Zero_Suit_Samus,9,3,12
Simon,Snake,0,0,0
Simon,Sonic,0,0,0
Simon,Terry,0,0,0
Simon,Toon_Link,0,0,0
Simon,Villager,0,0,0
Simon,Wario,0,0,0
Simon,Wii_Fit_Trainer,0,0,0
Simon,Wolf,0,0,0
Simon,Yoshi,0,0,0
Simon,Young_Link,0,0,0
Simon,Zelda,0,0,0
Simon,Zero_Suit_Samus,0,0,0
Snake,Sonic,6,6,12
Snake,Terry,1,2,3
Snake,Toon_Link,2,1,3
Snake,Villager,0,0,0
Snake,Wario,2,12,14
Snake,Wii_Fit_Trainer,0,0,0
Snake,Wolf,16,14,30
Snake,Yoshi,16,3,19
Snake,Young_Link,0,0,0
Snake,Zelda,0,0,0
Snake,Zero_Suit_Samus,13,28,41
Sonic,Terry,0,0,0
Sonic,Toon_Link,4,1,5
Sonic,Villager,0,0,0
Sonic,Wario,1,4,5
Sonic,Wii_Fit_Trainer,0,0,0
Sonic,Wolf,1,3,4
Sonic,Yoshi,2,0,2
Sonic,Young_Link,0,0,0
Sonic,Zelda,0,0,0
Sonic,Zero_Suit_Samus,6,4,10
Terry,Toon_Link,0,0,0
Terry,Villager,0,0,0
Terry,Wario,0,0,0
Terry,Wii_Fit_Trainer,0,0,0
Terry,Wolf,0,0,0
Terry,Yoshi,0,0,0
Terry,Young_Link,0,1,1
Terry,Zelda,0,0,0
Terry,Zero_Suit_Samus,0,0,0
Toon_Link,Villager,1,3,4
Toon_Link,Wario,0,3,3
Toon_Link,Wii_Fit_Trainer,0,0,0
Toon_Link,Wolf,3,3,6
Toon_Link,Yoshi,2,0,2
Toon_Link,Young_Link,0,0,0
Toon_Link,Zelda,0,0,0
Toon_Link,Zero_Suit_Samus,3,5,8
Villager,Wario,0,0,0
Villager,Wii_Fit_Trainer,0,0,0
Villager,Wolf,0,2,2
Villager,Yoshi,1,3,4
Villager,Young_Link,0,0,0
Villager,Zelda,0,0,0
Villager,Zero_Suit_Samus,2,5,7
Wario,Wii_Fit_Trainer,0,0,0
Wario,Wolf,12,8,20
Wario,Yoshi,0,0,0
Wario,Young_Link,4,0,4
Wario,Zelda,3,0,3
Wario,Zero_Suit_Samus,14,19,33
Wii_Fit_Trainer,Wolf,1,3,4
Wii_Fit_Trainer,Yoshi,0,0,0
Wii_Fit_Trainer,Young_Link,0,0,0
Wii_Fit_Trainer,Zelda,3,1,4
Wii_Fit_Trainer,Zero_Suit_Samus,0,2,2
Wolf,Yoshi,4,3,7
Wolf,Young_Link,4,7,11
Wolf,Zelda,0,0,0
Wolf,Zero_Suit_Samus,7,14,21
Yoshi,Young_Link,0,0,0
Yoshi,Zelda,0,0,0
Yoshi,Zero_Suit_Samus,5,5,10
Young_Link,Zelda,0,0,0
Young_Link,Zero_Suit_Samus,0,3,3
Zelda,Zero_Suit_Samus,0,0,0
